{
  "name": "captured-8233",
  "global": {
    "speed": 0.17761436,
    "zoom": 1.658238,
    "trail": 0.34482324,
    "flame_brightness": 0.24734592
  },
  "kifs": {
    "fold_angle": 1.4722663,
    "scale": 1.5806699,
    "brightness": 0.3
  },
  "transforms": [
    {
      "weight": 0.2938274,
      "affine": [
        [
          0.36417276,
          0.5217954,
          0.0
        ],
        [
          0.096778095,
          -0.3477745,
          0.0
        ],
        [
          0.0,
          0.0,
          1.1289971
        ]
      ],
      "offset": [
        0.3826766,
        0.6051949,
        0.0
      ],
      "color": 0.0,
      "linear": 0.0,
      "sinusoidal": 0.0,
      "spherical": 0.0,
      "swirl": 0.0,
      "horseshoe": 0.0,
      "handkerchief": 0.0,
      "julia": 0.0,
      "polar": 0.0,
      "disc": 0.0,
      "rings": 1.0,
      "bubble": 0.0,
      "fisheye": 0.0,
      "exponential": 0.0,
      "spiral": 0.0,
      "diamond": 0.0,
      "bent": 0.0,
      "waves": 0.0,
      "popcorn": 0.0,
      "fan": 0.0,
      "eyefish": 0.0,
      "cross": 0.0,
      "tangent": 0.0,
      "cosine": 0.0,
      "blob": 0.0,
      "noise": 0.0,
      "curl": 0.0,
      "variation_params": {}
    },
    {
      "weight": 0.17417319,
      "affine": [
        [
          1.2065293,
          0.4578181,
          0.0
        ],
        [
          -1.1714765,
          -0.6177547,
          0.0
        ],
        [
          0.0,
          0.0,
          1.4352969
        ]
      ],
      "offset": [
        0.905589,
        0.909402,
        0.0
      ],
      "color": 0.16666667,
      "linear": 0.0,
      "sinusoidal": 0.0,
      "spherical": 0.0,
      "swirl": 0.0,
      "horseshoe": 0.0,
      "handkerchief": 0.0,
      "julia": 0.0,
      "polar": 0.0,
      "disc": 0.0,
      "rings": 0.0,
      "bubble": 0.0,
      "fisheye": 0.0,
      "exponential": 0.0,
      "spiral": 0.0,
      "diamond": 0.0,
      "bent": 0.0,
      "waves": 0.0,
      "popcorn": 0.0,
      "fan": 0.0,
      "eyefish": 0.0,
      "cross": 0.0,
      "tangent": 0.0,
      "cosine": 0.0,
      "blob": 0.0,
      "noise": 0.0,
      "curl": 1.0,
      "variation_params": {}
    }
  ],
  "final_transform": {
    "weight": 0.0,
    "affine": [
      [
        -1.0537318,
        0.23758818,
        0.0
      ],
      [
        -0.23758818,
        -1.0537318,
        0.0
      ],
      [
        0.0,
        0.0,
        0.8141935
      ]
    ],
    "offset": [
      0.0,
      0.0,
      0.0
    ],
    "color": 0.5490254,
    "linear": 0.0,
    "sinusoidal": 0.0,
    "spherical": 0.0,
    "swirl": 0.0,
    "horseshoe": 0.0,
    "handkerchief": 0.0,
    "julia": 0.70960784,
    "polar": 0.0,
    "disc": 0.0,
    "rings": 0.0,
    "bubble": 0.0,
    "fisheye": 0.0,
    "exponential": 0.0,
    "spiral": 0.0,
    "diamond": 0.0,
    "bent": 0.0,
    "waves": 0.0,
    "popcorn": 0.0,
    "fan": 0.0,
    "eyefish": 0.0,
    "cross": 0.0,
    "tangent": 0.0,
    "cosine": 0.0,
    "blob": 0.0,
    "noise": 0.0,
    "curl": 0.0,
    "variation_params": {}
  },
  "symmetry": 3,
  "palette": [
    [
      0.0,
      0.8379516,
      0.0
    ],
    [
      0.0,
      0.85032666,
      0.0
    ],
    [
      0.0,
      0.86203045,
      0.0
    ],
    [
      0.0,
      0.8730505,
      0.0
    ],
    [
      0.0,
      0.8833758,
      0.0
    ],
    [
      0.0,
      0.8929954,
      0.0
    ],
    [
      0.0,
      0.9018995,
      0.0
    ],
    [
      0.0,
      0.910079,
      0.0
    ],
    [
      0.0,
      0.9175253,
      0.0
    ],
    [
      0.0,
      0.92423064,
      0.0
    ],
    [
      0.0,
      0.9301882,
      0.0
    ],
    [
      0.0,
      0.9353917,
      0.0
    ],
    [
      0.0,
      0.939836,
      0.0
    ],
    [
      0.0,
      0.9435163,
      0.0
    ],
    [
      0.0,
      0.9464289,
      0.0
    ],
    [
      0.0,
      0.9485707,
      0.0
    ],
    [
      0.0,
      0.9499396,
      0.0
    ],
    [
      0.0,
      0.9505341,
      0.0
    ],
    [
      0.0,
      0.9503536,
      0.0
    ],
    [
      0.0,
      0.94939834,
      0.0
    ],
    [
      0.0,
      0.94766927,
      0.0
    ],
    [
      0.0,
      0.94516814,
      0.0
    ],
    [
      0.0,
      0.9418975,
      0.013659775
    ],
    [
      0.0,
      0.9378609,
      0.039105713
    ],
    [
      0.0,
      0.9330624,
      0.06475787
    ],
    [
      0.0,
      0.92750686,
      0.090593785
    ],
    [
      0.0,
      0.9212002,
      0.11659086
    ],
    [
      0.0,
      0.914149,
      0.14272632
    ],
    [
      0.0,
      0.9063603,
      0.16897686
    ],
    [
      0.0,
      0.89784205,
      0.19532034
    ],
    [
      0.0,
      0.88860357,
      0.22173326
    ],
    [
      0.0,
      0.87865406,
      0.24819207
    ],
    [
      0.0,
      0.8680039,
      0.27467448
    ],
    [
      0.0,
      0.856664,
      0.30115688
    ],
    [
      0.0,
      0.84464574,
      0.32761604
    ],
    [
      0.0,
      0.83196235,
      0.3540284
    ],
    [
      0.0,
      0.81862646,
      0.3803717
    ],
    [
      0.0,
      0.80465174,
      0.40662235
    ],
    [
      0.0,
      0.79005295,
      0.43275753
    ],
    [
      0.0,
      0.77484506,
      0.45875382
    ],
    [
      0.0,
      0.75904334,
      0.48458934
    ],
    [
      0.0,
      0.7426649,
      0.51024103
    ],
    [
      0.0,
      0.7257263,
      0.535686
    ],
    [
      0.0,
      0.7082451,
      0.56090283
    ],
    [
      0.0,
      0.69023937,
      0.5858691
    ],
    [
      0.0,
      0.671727,
      0.61056274
    ],
    [
      0.0,
      0.6527283,
      0.63496196
    ],
    [
      0.0,
      0.63326246,
      0.65904605
    ],
    [
      0.0,
      0.6133495,
      0.68279356
    ],
    [
      0.0024555326,
      0.59300965,
      0.70618373
    ],
    [
      0.013072327,
      0.5722644,
      0.7291957
    ],
    [
      0.023854986,
      0.5511353,
      0.75181
    ],
    [
      0.034796298,
      0.52964365,
      0.7740066
    ],
    [
      0.0458889,
      0.5078124,
      0.7957655
    ],
    [
      0.057125166,
      0.4856636,
      0.81706893
    ],
    [
      0.06849794,
      0.46321958,
      0.8378967
    ],
    [
      0.07999939,
      0.44050482,
      0.85823166
    ],
    [
      0.09162179,
      0.41754222,
      0.87805533
    ],
    [
      0.103357345,
      0.3943554,
      0.89735126
    ],
    [
      0.115198195,
      0.3709684,
      0.9161014
    ],
    [
      0.12713659,
      0.34740466,
      0.9342902
    ],
    [
      0.13916385,
      0.32368994,
      0.9519014
    ],
    [
      0.15127261,
      0.29984802,
      0.96891934
    ],
    [
      0.16345447,
      0.27590355,
      0.9853297
    ],
    [
      0.17570129,
      0.2518813,
      1.0
    ],
    [
      0.18800482,
      0.22780538,
      1.0
    ],
    [
      0.20035659,
      0.20370206,
      1.0
    ],
    [
      0.21274899,
      0.17959522,
      1.0
    ],
    [
      0.22517279,
      0.15551046,
      1.0
    ],
    [
      0.23762058,
      0.13147232,
      1.0
    ],
    [
      0.2500833,
      0.10750494,
      1.0
    ],
    [
      0.2625526,
      0.0836345,
      1.0
    ],
    [
      0.27502075,
      0.059884965,
      1.0
    ],
    [
      0.28747854,
      0.036280885,
      1.0
    ],
    [
      0.29991823,
      0.012846634,
      1.0
    ],
    [
      0.31233132,
      0.0,
      1.0
    ],
    [
      0.3247094,
      0.0,
      1.0
    ],
    [
      0.33704418,
      0.0,
      1.0
    ],
    [
      0.34932742,
      0.0,
      1.0
    ],
    [
      0.36155084,
      0.0,
      1.0
    ],
    [
      0.37370622,
      0.0,
      1.0
    ],
    [
      0.38578546,
      0.0,
      1.0
    ],
    [
      0.39778042,
      0.0,
      1.0
    ],
    [
      0.4096828,
      0.0,
      1.0
    ],
    [
      0.4214853,
      0.0,
      1.0
    ],
    [
