{
  "name": "mutant-5047",
  "global": {
    "speed": 0.19194409,
    "zoom": 1.8004053,
    "trail": 0.34353566,
    "flame_brightness": 0.36196488
  },
  "kifs": {
    "fold_angle": 1.4722663,
    "scale": 1.5806699,
    "brightness": 0.3
  },
  "transforms": [
    {
      "weight": 0.35222042,
      "a": 0.061671626,
      "b": 0.33931077,
      "c": -0.8743042,
      "d": 0.970988,
      "offset": [
        -0.40150857,
        -0.14636898
      ],
      "color": 0.0,
      "linear": 0.0,
      "sinusoidal": 0.0,
      "spherical": 0.0,
      "swirl": 0.0,
      "horseshoe": 0.0,
      "handkerchief": 0.0,
      "julia": 0.0,
      "polar": 0.0,
      "disc": 1.0,
      "rings": 0.0,
      "bubble": 0.0,
      "fisheye": 0.0,
      "exponential": 0.0,
      "spiral": 0.0,
      "diamond": 0.0,
      "bent": 0.0,
      "waves": 0.0,
      "popcorn": 0.0,
      "fan": 0.0,
      "eyefish": 0.0,
      "cross": 0.0,
      "tangent": 0.0,
      "cosine": 0.0,
      "blob": 0.0,
      "noise": 0.0,
      "curl": 0.0,
      "variation_params": {}
    },
    {
      "weight": 0.044324905,
      "a": 1.1024112,
      "b": 0.34385964,
      "c": -0.2863414,
      "d": -0.73980707,
      "offset": [
        -0.126074,
        0.253509
      ],
      "color": 0.33333334,
      "linear": 0.0,
      "sinusoidal": 0.0,
      "spherical": 0.0,
      "swirl": 0.0,
      "horseshoe": 0.0,
      "handkerchief": 0.0,
      "julia": 0.0,
      "polar": 1.0,
      "disc": 0.0,
      "rings": 0.0,
      "bubble": 0.0,
      "fisheye": 0.0,
      "exponential": 0.0,
      "spiral": 0.0,
      "diamond": 0.0,
      "bent": 0.0,
      "waves": 0.0,
      "popcorn": 0.0,
      "fan": 0.0,
      "eyefish": 0.0,
      "cross": 0.0,
      "tangent": 0.0,
      "cosine": 0.0,
      "blob": 0.0,
      "noise": 0.0,
      "curl": 0.0,
      "variation_params": {}
    },
    {
      "weight": 0.60345465,
      "a": 0.18851006,
      "b": -0.91337633,
      "c": 0.29849374,
      "d": 0.58002865,
      "offset": [
        0.37632763,
        -0.10960877
      ],
      "color": 0.6666667,
      "linear": 0.0,
      "sinusoidal": 0.0,
      "spherical": 0.0,
      "swirl": 0.0,
      "horseshoe": 0.0,
      "handkerchief": 1.0,
      "julia": 0.0,
      "polar": 0.0,
      "disc": 0.0,
      "rings": 0.0,
      "bubble": 0.0,
      "fisheye": 0.0,
      "exponential": 0.0,
      "spiral": 0.0,
      "diamond": 0.0,
      "bent": 0.0,
      "waves": 0.0,
      "popcorn": 0.0,
      "fan": 0.0,
      "eyefish": 0.0,
      "cross": 0.0,
      "tangent": 0.0,
      "cosine": 0.0,
      "blob": 0.0,
      "noise": 0.0,
      "curl": 0.0,
      "variation_params": {}
    }
  ],
  "final_transform": null,
  "symmetry": 4,
  "palette": [
    [
      0.70083827,
      0.0,
      0.0
    ],
    [
      0.6911188,
      0.0,
      0.0
    ],
    [
      0.6808165,
      0.0,
      0.0
    ],
    [
      0.669944,
      0.0,
      0.0
    ],
    [
      0.65851474,
      0.0,
      0.0
    ],
    [
      0.6465428,
      0.0,
      0.0
    ],
    [
      0.63404286,
      0.0,
      0.0
    ],
    [
      0.62103033,
      0.0,
      0.0
    ],
    [
      0.6075212,
      0.0,
      0.0
    ],
    [
      0.59353215,
      0.0,
      0.0
    ],
    [
      0.5790803,
      0.0,
      0.0
    ],
    [
      0.56418353,
      0.025974534,
      0.0
    ],
    [
      0.54886,
      0.059861332,
      0.0
    ],
    [
      0.53312886,
      0.0939277,
      0.0
    ],
    [
      0.51700926,
      0.12809163,
      0.0
    ],
    [
      0.50052106,
      0.16227157,
      0.0
    ],
    [
      0.48368448,
      0.19638562,
      0.0
    ],
    [
      0.46652037,
      0.23035231,
      0.0
    ],
    [
      0.44904977,
      0.26408923,
      0.0
    ],
    [
      0.43129432,
      0.29751688,
      0.0
    ],
    [
      0.41327566,
      0.33055443,
      0.0
    ],
    [
      0.39501613,
      0.36312243,
      0.0
    ],
    [
      0.37653807,
      0.3951431,
      0.0
    ],
    [
      0.35786426,
      0.42653966,
      0.0
    ],
    [
      0.3390177,
      0.45723695,
      0.0
    ],
    [
      0.32002163,
      0.48716128,
      0.0
    ],
    [
      0.30089927,
      0.5162413,
      0.0
    ],
    [
      0.28167433,
      0.544407,
      0.0
    ],
    [
      0.26237035,
      0.57159054,
      0.0
    ],
    [
      0.24301116,
      0.5977271,
      0.0
    ],
    [
      0.22362041,
      0.62275404,
      0.0
    ],
    [
      0.20422216,
      0.6466114,
      0.0
    ],
    [
      0.18484022,
      0.6692421,
      0.0
    ],
    [
      0.16549847,
      0.6905916,
      0.0
    ],
    [
      0.14622055,
      0.710609,
      0.0
    ],
    [
      0.12703049,
      0.729246,
      0.0
    ],
    [
      0.107951514,
      0.74645823,
      0.0
    ],
    [
      0.0890075,
      0.76220423,
      0.0
    ],
    [
      0.070221335,
      0.7764466,
      0.0
    ],
    [
      0.05161646,
      0.7891506,
      0.0
    ],
    [
      0.033215627,
      0.8002864,
      0.0
    ],
    [
      0.015041605,
      0.8098271,
      0.0
    ],
    [
      0.0,
      0.8177496,
      0.0
    ],
    [
      0.0,
      0.82403517,
      0.0
    ],
    [
      0.0,
      0.8286687,
      0.0
    ],
    [
      0.0,
      0.83163905,
      0.0
    ],
    [
      0.0,
      0.832939,
      0.0
    ],
    [
      0.0,
      0.83256567,
      0.0
    ],
    [
      0.0,
      0.8305198,
      0.0
    ],
    [
      0.0,
      0.8268062,
      0.0
    ],
    [
      0.0,
      0.8214341,
      0.0
    ],
    [
      0.0,
      0.814416,
      0.0
    ],
    [
      0.0,
      0.8057688,
      0.0
    ],
    [
      0.0,
      0.7955136,
      0.0
    ],
    [
      0.0,
      0.7836744,
      0.0
    ],
    [
      0.0,
      0.77028006,
      0.0
    ],
    [
      0.0,
      0.7553623,
      0.0
    ],
    [
      0.0,
      0.73895705,
      0.0
    ],
    [
      0.0,
      0.721104,
      0.008407727
    ],
    [
      0.0,
      0.70184565,
      0.019876719
    ],
    [
      0.0,
      0.6812277,
      0.031398088
    ],
    [
      0.0,
      0.6592999,
      0.042968825
    ],
    [
      0.0,
      0.63611513,
      0.05458405
    ],
    [
      0.0,
      0.6117285,
      0.066239804
    ],
    [
      0.0,
      0.5861986,
      0.077933
    ],
    [
      0.0,
      0.5595873,
      0.08965876
    ],
    [
      0.0,
      0.5319572,
      0.10141306
    ],
    [
      0.0,
      0.50337505,
      0.1131928
    ],
    [
      0.0,
      0.47391003,
      0.12499304
    ],
    [
      0.0,
      0.44363183,
      0.13681006
    ],
    [
      0.0,
      0.4126131,
      0.14863952
    ],
    [
      0.0,
      0.38092834,
      0.16047797
    ],
    [
      0.0,
      0.3486542,
      0.17232138
    ],
    [
      0.0,
      0.31586748,
      0.18416479
    ],
    [
      0.0,
      0.28264603,
      0.19600508
    ],
    [
      0.0,
      0.24907014,
      0.20783818
    ],
    [
      0.0,
      0.2152203,
      0.21965915
    ],
    [
      0.0,
      0.18117797,
      0.23146486
    ],
    [
      0.0,
      0.14702474,
      0.24325128
    ],
    [
      0.0,
      0.11284148,
      0.25501347
    ],
    [
      0.0,
      0.07871079,
      0.2667483
    ],
    [
      0.0,
      0.044715136,
      0.27845183
    ],
    [
      0.0,
      0.010934353,
      0.29011938
    ],
    [
      0.0,
      0.0,
      0.301747
    ],
    [
      0.0,
      0.0,
      0.3133316
    ],
    [
      0.0,
      0.0,
      0.32486835
    ],
    [
      0.0,
      0.0,
      0.3363533
    ],
    [
      0.0,
      0.0,
      0.34778342
    ],
    [
      0.0,
      0.0,
      0.35915363
    ],
    [
      0.0,
      0.0,
      0.37046087
    ],
    [
      0.0,
      0.0,
      0.38170135
    ],
    [
      0.0,
      0.0,
      0.39287034
    ],
    [
      0.0,
      0.0,
      0.40396488
    ],
    [
      0.0,
      0.0,
      0.4149809
    ],
    [
      0.0,
