{
  "name": "mutant-3092",
  "global": {
    "speed": 0.24828842,
    "zoom": 1.3584788,
    "trail": 0.3138324,
    "flame_brightness": 0.311657
  },
  "kifs": {
    "fold_angle": 1.4722663,
    "scale": 1.5806699,
    "brightness": 0.3
  },
  "transforms": [
    {
      "weight": 0.6050367,
      "a": 0.7988523,
      "b": 0.6549938,
      "c": 0.60594404,
      "d": 0.33501053,
      "offset": [
        0.29220068,
        -0.5717021
      ],
      "color": 0.0,
      "linear": 0.0,
      "sinusoidal": 0.0,
      "spherical": 0.0,
      "swirl": 0.0,
      "horseshoe": 0.0,
      "handkerchief": 0.0,
      "julia": 0.0,
      "polar": 1.0,
      "disc": 0.0,
      "rings": 0.0,
      "bubble": 0.0,
      "fisheye": 0.0,
      "exponential": 0.0,
      "spiral": 0.0,
      "diamond": 0.0,
      "bent": 0.0,
      "waves": 0.0,
      "popcorn": 0.0,
      "fan": 0.0,
      "eyefish": 0.0,
      "cross": 0.0,
      "tangent": 0.0,
      "cosine": 0.0,
      "blob": 0.0,
      "noise": 0.0,
      "curl": 0.0,
      "variation_params": {}
    },
    {
      "weight": 0.24864982,
      "a": 0.085692644,
      "b": -0.63063705,
      "c": -0.4240806,
      "d": -0.08544922,
      "offset": [
        -0.28029525,
        -0.24611509
      ],
      "color": 0.33333334,
      "linear": 0.0,
      "sinusoidal": 0.0,
      "spherical": 0.0,
      "swirl": 0.0,
      "horseshoe": 0.0,
      "handkerchief": 0.0,
      "julia": 0.0,
      "polar": 0.0,
      "disc": 1.0,
      "rings": 0.0,
      "bubble": 0.0,
      "fisheye": 0.0,
      "exponential": 0.0,
      "spiral": 0.0,
      "diamond": 0.0,
      "bent": 0.0,
      "waves": 0.0,
      "popcorn": 0.0,
      "fan": 0.0,
      "eyefish": 0.0,
      "cross": 0.0,
      "tangent": 0.0,
      "cosine": 0.0,
      "blob": 0.0,
      "noise": 0.0,
      "curl": 0.0,
      "variation_params": {}
    },
    {
      "weight": 0.1463135,
      "a": 0.10073583,
      "b": 0.41015115,
      "c": -0.41015115,
      "d": 0.10073583,
      "offset": [
        1.2046796,
        0.4090012
      ],
      "color": 0.6666667,
      "linear": 0.0,
      "sinusoidal": 0.0,
      "spherical": 0.0,
      "swirl": 0.0,
      "horseshoe": 0.0,
      "handkerchief": 1.0,
      "julia": 0.0,
      "polar": 0.0,
      "disc": 0.0,
      "rings": 0.0,
      "bubble": 0.0,
      "fisheye": 0.0,
      "exponential": 0.0,
      "spiral": 0.0,
      "diamond": 0.0,
      "bent": 0.0,
      "waves": 0.0,
      "popcorn": 0.0,
      "fan": 0.0,
      "eyefish": 0.0,
      "cross": 0.0,
      "tangent": 0.0,
      "cosine": 0.0,
      "blob": 0.0,
      "noise": 0.0,
      "curl": 0.0,
      "variation_params": {}
    }
  ],
  "final_transform": null,
  "symmetry": 6,
  "palette": [
    [
      0.0,
      0.11444891,
      0.4556182
    ],
    [
      0.0,
      0.15714668,
      0.4139132
    ],
    [
      0.0,
      0.19946176,
      0.37135118
    ],
    [
      0.0,
      0.24123758,
      0.3280403
    ],
    [
      0.0,
      0.28232053,
      0.28409013
    ],
    [
      0.0,
      0.32255834,
      0.23961212
    ],
    [
      0.0,
      0.36180297,
      0.19471928
    ],
    [
      0.0,
      0.39990926,
      0.14952514
    ],
    [
      0.0,
      0.4367362,
      0.10414432
    ],
    [
      0.0,
      0.47214842,
      0.058691896
    ],
    [
      0.0,
      0.5060149,
      0.0132829845
    ],
    [
      0.0,
      0.53821045,
      0.0
    ],
    [
      0.0,
      0.5686163,
      0.0
    ],
    [
      0.0,
      0.59712,
      0.0
    ],
    [
      0.0,
      0.62361664,
      0.0
    ],
    [
      0.0,
      0.64800805,
      0.0
    ],
    [
      0.0,
      0.6702045,
      0.0
    ],
    [
      0.0,
      0.69012386,
      0.0
    ],
    [
      0.0,
      0.7076925,
      0.0
    ],
    [
      0.0,
      0.72284573,
      0.0
    ],
    [
      0.0,
      0.73552746,
      0.0
    ],
    [
      0.0,
      0.745691,
      0.0
    ],
    [
      0.0,
      0.75329864,
      0.0
    ],
    [
      0.0,
      0.7583224,
      0.0
    ],
    [
      0.0,
      0.76074374,
      0.0
    ],
    [
      0.0,
      0.76055366,
      0.0
    ],
    [
      0.0,
      0.75775295,
      0.0
    ],
    [
      0.0,
      0.7523518,
      0.0
    ],
    [
      0.0,
      0.7443704,
      0.0
    ],
    [
      0.0,
      0.73383796,
      0.0
    ],
    [
      0.0,
      0.72079355,
      0.0
    ],
    [
      0.0,
      0.70528513,
      0.0
    ],
    [
      0.0,
      0.68737036,
      0.0
    ],
    [
      0.0,
      0.6671149,
      0.0
    ],
    [
      0.0,
      0.6445938,
      0.0
    ],
    [
      0.0,
      0.6198901,
      0.0
    ],
    [
      0.0,
      0.5930952,
      0.0
    ],
    [
      0.0,
      0.5643083,
      0.0
    ],
    [
      0.0,
      0.53363466,
      0.0
    ],
    [
      0.0,
      0.5011887,
      0.0
    ],
    [
      0.0,
      0.46708947,
      0.0
    ],
    [
      0.0,
      0.4314634,
      0.0
    ],
    [
      0.0,
      0.39444152,
      0.0
    ],
    [
      0.0,
      0.35616076,
      0.0
    ],
    [
      0.0,
      0.31676245,
      0.0
    ],
    [
      0.0,
      0.27639213,
      0.0
    ],
    [
      0.0,
      0.23519947,
      0.0
    ],
    [
      0.0,
      0.19333461,
      0.0
    ],
    [
      0.0,
      0.15095477,
      0.0
    ],
    [
      0.0,
      0.10821444,
      0.0
    ],
    [
      0.0,
      0.06527211,
      0.0
    ],
    [
      0.0,
      0.02228666,
      0.0
    ],
    [
      0.0,
      0.0,
      0.0
    ],
    [
      0.0,
      0.0,
      0.0
    ],
    [
      0.0,
      0.0,
      0.0
    ],
    [
      0.0,
      0.0,
      0.0
    ],
    [
      0.0,
      0.0,
      0.0
    ],
    [
      0.0,
      0.0,
      0.0
    ],
    [
      0.0,
      0.0,
      0.0
    ],
    [
      0.0,
      0.0,
      0.0
    ],
    [
      0.0,
      0.0,
      0.0
    ],
    [
      0.0,
      0.0,
      0.0
    ],
    [
      0.0,
      0.0,
      0.0
    ],
    [
      0.0,
      0.0,
      0.0
    ],
    [
      0.0,
      0.0,
      0.0
    ],
    [
      0.0152823925,
      0.0,
      0.0
    ],
    [
      0.04579643,
      0.0,
      0.0
    ],
    [
      0.07629206,
      0.0,
      0.0
    ],
    [
      0.106705904,
      0.0,
      0.0
    ],
    [
      0.13697575,
      0.0,
      0.0
    ],
    [
      0.16703932,
      0.0,
      0.02996305
    ],
    [
      0.19683479,
      0.0,
      0.075401604
    ],
    [
      0.22630087,
      0.0,
      0.12084098
    ],
    [
      0.25537694,
      0.0,
      0.16616642
    ],
    [
      0.28400353,
      0.0,
      0.21126305
    ],
    [
      0.31212112,
      0.0,
      0.2560169
    ],
    [
      0.33967224,
      0.0,
      0.30031374
    ],
    [
      0.36660042,
      0.0,
      0.3440417
    ],
    [
      0.39284977,
      0.0,
      0.38709027
    ],
    [
      0.4183666,
      0.0,
      0.42934912
    ],
    [
      0.4430984,
      0.0,
      0.47071278
    ],
    [
      0.46699452,
      0.0,
      0.51107514
    ],
    [
      0.49000534,
      0.0,
      0.55033433
    ],
    [
      0.51208377,
      0.0,
      0.5883908
    ],
    [
      0.5331846,
      0.0,
      0.6251485
    ],
    [
      0.5532641,
      0.0,
      0.66051334
    ],
    [
      0.572281,
      0.0,
      0.6943962
    ],
    [
      0.5901964,
      0.0,
      0.72671145
    ],
    [
      0.6069733,
      0.0,
      0.75737625
    ],
    [
      0.6225772,
      0.0,
      0.786314
    ],
    [
      0.63697624,
      0.0,
      0.8134506
    ],
    [
      0.65014046,
      0.0,
      0.83871746
    ],
    [
      0.6620429,
      0.0,
      0.8620508
    ],
    [
      0.67265916,
      0.0,
      0.8833909
    ],
    [
      0.68196744,
      0.0,
      0.902684
    ],
    [
      0.6899484,
      0.0,
      0.9198811
    ],
    [
      0.6965857,
      0.0,
      0.93493885
    ],
    [
      0.70186585,
      0.0,
      0.94781876
    ],
    [
