{
  "name": "mutant-1363",
  "global": {
    "speed": 0.23795561,
    "zoom": 1.0,
    "trail": 0.32461643,
    "flame_brightness": 0.25962272
  },
  "kifs": {
    "fold_angle": 1.4722663,
    "scale": 1.5806699,
    "brightness": 0.3
  },
  "transforms": [
    {
      "weight": 0.37768823,
      "affine": [
        [
          0.77265865,
          -0.1566261,
          0.0
        ],
        [
          0.1566261,
          0.77265865,
          0.0
        ],
        [
          0.0,
          0.0,
          1.1262474
        ]
      ],
      "offset": [
        1.5,
        0.3,
        0.0
      ],
      "color": 0.0,
      "linear": 0.2857143,
      "sinusoidal": 0.0,
      "spherical": 0.0,
      "swirl": 0.0,
      "horseshoe": 0.0,
      "handkerchief": 0.0,
      "julia": 0.0,
      "polar": 0.0,
      "disc": 0.0,
      "rings": 0.0,
      "bubble": 0.0,
      "fisheye": 0.0,
      "exponential": 0.0,
      "spiral": 0.0,
      "diamond": 0.0,
      "bent": 0.71428573,
      "waves": 0.0,
      "popcorn": 0.0,
      "fan": 0.0,
      "eyefish": 0.0,
      "cross": 0.0,
      "tangent": 0.0,
      "cosine": 0.0,
      "blob": 0.0,
      "noise": 0.0,
      "curl": 0.0,
      "variation_params": {}
    },
    {
      "weight": 0.18237536,
      "affine": [
        [
          0.39900646,
          0.2562305,
          0.0
        ],
        [
          -0.29839298,
          0.43053725,
          0.0
        ],
        [
          0.0,
          0.0,
          1.2084861
        ]
      ],
      "offset": [
        -0.16542159,
        0.6003498,
        0.0
      ],
      "color": 0.33333334,
      "linear": 0.4,
      "sinusoidal": 0.0,
      "spherical": 0.0,
      "swirl": 0.0,
      "horseshoe": 0.0,
      "handkerchief": 0.6,
      "julia": 0.0,
      "polar": 0.0,
      "disc": 0.0,
      "rings": 0.0,
      "bubble": 0.0,
      "fisheye": 0.0,
      "exponential": 0.0,
      "spiral": 0.0,
      "diamond": 0.0,
      "bent": 0.0,
      "waves": 0.0,
      "popcorn": 0.0,
      "fan": 0.0,
      "eyefish": 0.0,
      "cross": 0.0,
      "tangent": 0.0,
      "cosine": 0.0,
      "blob": 0.0,
      "noise": 0.0,
      "curl": 0.0,
      "variation_params": {}
    },
    {
      "weight": 0.43993646,
      "affine": [
        [
          -0.75047004,
          -0.9933684,
          0.0
        ],
        [
          0.61840594,
          0.30231547,
          0.0
        ],
        [
          0.0,
          0.0,
          1.0
        ]
      ],
      "offset": [
        0.31767988,
        0.17949367,
        0.0
      ],
      "color": 0.6666667,
      "linear": 0.0,
      "sinusoidal": 0.0,
      "spherical": 0.0,
      "swirl": 0.0,
      "horseshoe": 0.0,
      "handkerchief": 0.0,
      "julia": 0.0,
      "polar": 0.0,
      "disc": 0.0,
      "rings": 0.0,
      "bubble": 0.0,
      "fisheye": 1.0,
      "exponential": 0.0,
      "spiral": 0.0,
      "diamond": 0.0,
      "bent": 0.0,
      "waves": 0.0,
      "popcorn": 0.0,
      "fan": 0.0,
      "eyefish": 0.0,
      "cross": 0.0,
      "tangent": 0.0,
      "cosine": 0.0,
      "blob": 0.0,
      "noise": 0.0,
      "curl": 0.0,
      "variation_params": {}
    }
  ],
  "final_transform": null,
  "symmetry": 3,
  "palette": [
    [
      0.70821816,
      0.68240786,
      0.5434457
    ],
    [
      0.7070794,
      0.6890106,
      0.5493219
    ],
    [
      0.7058909,
      0.69535995,
      0.55475575
    ],
    [
      0.7046528,
      0.70144963,
      0.5597287
    ],
    [
      0.7033653,
      0.70727366,
      0.56422377
    ],
    [
      0.70202863,
      0.71282667,
      0.5682258
    ],
    [
      0.7006428,
      0.71810305,
      0.5717211
    ],
    [
      0.6992082,
      0.7230979,
      0.5746976
    ],
    [
      0.6977248,
      0.7278062,
      0.57714546
    ],
    [
      0.696193,
      0.7322236,
      0.5790561
    ],
    [
      0.6946128,
      0.7363455,
      0.5804231
    ],
    [
      0.6929845,
      0.74016833,
      0.5812418
    ],
    [
      0.6913083,
      0.743688,
      0.5815094
    ],
    [
      0.6895845,
      0.7469014,
      0.58122504
    ],
    [
      0.68781316,
      0.7498052,
      0.5803896
    ],
    [
      0.6859946,
      0.75239676,
      0.57900596
    ],
    [
      0.68412906,
      0.7546735,
      0.5770788
    ],
    [
      0.68221676,
      0.75663316,
      0.5746149
    ],
    [
      0.6802579,
      0.7582739,
      0.5716223
    ],
    [
      0.67825294,
      0.75959414,
      0.5681115
    ],
    [
      0.6762018,
      0.7605926,
      0.56409425
    ],
    [
      0.67410505,
      0.76126826,
      0.5595844
    ],
    [
      0.67196286,
      0.7616205,
      0.5545971
    ],
    [
      0.6697755,
      0.7616491,
      0.5491496
    ],
    [
      0.6675432,
      0.76135385,
      0.5432602
    ],
    [
      0.6652662,
      0.7607351,
      0.5369491
    ],
    [
      0.66294503,
      0.7597934,
      0.5302379
    ],
    [
      0.66057974,
      0.7585298,
      0.5231492
    ],
    [
      0.65817076,
      0.7569455,
      0.5157074
    ],
    [
      0.65571845,
      0.75504184,
      0.5079377
    ],
    [
      0.653223,
      0.75282085,
      0.49986655
    ],
    [
      0.6506848,
      0.7502846,
      0.49152142
    ],
    [
      0.64810413,
      0.7474356,
      0.482931
    ],
    [
      0.6454814,
      0.7442765,
      0.4741242
    ],
    [
      0.6428169,
      0.7408106,
      0.46513116
    ],
    [
      0.64011097,
      0.737041,
      0.45598269
    ],
    [
      0.63736403,
      0.73297143,
      0.44670972
    ],
    [
      0.6345764,
      0.72860587,
      0.4373438
    ],
    [
      0.6317483,
      0.72394836,
      0.42791712
    ],
    [
      0.6288803,
      0.7190037,
      0.41846144
    ],
    [
      0.6259727,
      0.7137766,
      0.40900913
    ],
    [
      0.6230258,
      0.70827186,
      0.39959255
    ],
    [
      0.62004006,
      0.7024951,
      0.39024353
    ],
    [
      0.6170159,
      0.6964519,
      0.38099393
    ],
    [
      0.6139536,
      0.69014806,
      0.3718755
    ],
    [
      0.6108537,
      0.6835896,
      0.36291894
    ],
    [
      0.60771644,
      0.67678267,
      0.35415497
    ],
    [
      0.60454226,
      0.66973436,
      0.34561354
    ],
    [
      0.6013317,
      0.66245127,
      0.33732352
    ],
    [
      0.59808505,
      0.65494007,
      0.32931322
    ],
    [
      0.59480274,
      0.6472087,
      0.3216101
    ],
    [
      0.59148526,
      0.6392643,
      0.3142401
    ],
    [
      0.588133,
      0.6311144,
      0.3072285
    ],
    [
      0.5847463,
      0.6227672,
      0.30059925
    ],
    [
      0.58132577,
      0.61423045,
      0.29437476
    ],
    [
      0.57787174,
      0.6055128,
      0.2885764
    ],
    [
      0.5743847,
      0.5966225,
      0.28322375
    ],
    [
      0.5708651,
      0.5875679,
      0.27833515
    ],
    [
      0.5673133,
      0.5783583,
      0.2739272
    ],
    [
      0.56372994,
      0.5690023,
      0.270015
    ],
    [
      0.56011534,
      0.559509,
      0.26661175
    ],
    [
      0.55647004,
      0.54988754,
      0.26372913
    ],
    [
      0.55279446,
      0.54014695,
      0.26137698
    ],
    [
      0.5490891,
      0.5302973,
      0.2595632
    ],
    [
      0.54535437,
      0.5203478,
      0.25829405
    ],
    [
      0.54159087,
      0.5103077,
      0.2575739
    ],
    [
      0.53779906,
      0.50018746,
      0.2574051
    ],
    [
      0.5339794,
      0.4899965,
      0.25778827
    ],
    [
      0.53013235,
      0.47974437,
      0.2587221
    ],
    [
      0.52625847,
      0.4694416,
      0.26020342
    ],
    [
      0.52235824,
      0.45909774,
      0.26222718
    ],
    [
      0.51843214,
      0.44872308,
      0.26478648
    ],
    [
      0.5144807,
      0.4383275,
      0.26787263
    ],
    [
      0.5105045,
      0.4279208,
