{
  "name": "mutant-2132",
  "global": {
    "speed": 0.2345493,
    "zoom": 1.3843597,
    "trail": 0.32478473,
    "flame_brightness": 0.3001038
  },
  "kifs": {
    "fold_angle": 1.4722663,
    "scale": 1.5806699,
    "brightness": 0.3
  },
  "transforms": [
    {
      "weight": 0.14518972,
      "affine": [
        [
          -0.81297433,
          0.24735117,
          0.0
        ],
        [
          -0.5459027,
          0.49455297,
          0.0
        ],
        [
          0.0,
          0.0,
          1.0
        ]
      ],
      "offset": [
        -0.36028194,
        -0.47569108,
        0.0
      ],
      "color": 0.0,
      "linear": 0.0,
      "sinusoidal": 0.0,
      "spherical": 0.0,
      "swirl": 0.0,
      "horseshoe": 1.0,
      "handkerchief": 0.0,
      "julia": 0.0,
      "polar": 0.0,
      "disc": 0.0,
      "rings": 0.0,
      "bubble": 0.0,
      "fisheye": 0.0,
      "exponential": 0.0,
      "spiral": 0.0,
      "diamond": 0.0,
      "bent": 0.0,
      "waves": 0.0,
      "popcorn": 0.0,
      "fan": 0.0,
      "eyefish": 0.0,
      "cross": 0.0,
      "tangent": 0.0,
      "cosine": 0.0,
      "blob": 0.0,
      "noise": 0.0,
      "curl": 0.0,
      "variation_params": {}
    },
    {
      "weight": 0.33800995,
      "affine": [
        [
          0.851344,
          0.49152392,
          0.0
        ],
        [
          -0.49152392,
          0.851344,
          0.0
        ],
        [
          0.0,
          0.0,
          0.98304784
        ]
      ],
      "offset": [
        0.0,
        0.0,
        0.0
      ],
      "color": 0.33333334,
      "linear": 0.0,
      "sinusoidal": 0.0,
      "spherical": 0.5,
      "swirl": 0.5,
      "horseshoe": 0.0,
      "handkerchief": 0.0,
      "julia": 0.0,
      "polar": 0.0,
      "disc": 0.0,
      "rings": 0.0,
      "bubble": 0.0,
      "fisheye": 0.0,
      "exponential": 0.0,
      "spiral": 0.0,
      "diamond": 0.0,
      "bent": 0.0,
      "waves": 0.0,
      "popcorn": 0.0,
      "fan": 0.0,
      "eyefish": 0.0,
      "cross": 0.0,
      "tangent": 0.0,
      "cosine": 0.0,
      "blob": 0.0,
      "noise": 0.0,
      "curl": 0.0,
      "variation_params": {}
    },
    {
      "weight": 0.51680034,
      "affine": [
        [
          0.18054855,
          -0.45632732,
          0.0
        ],
        [
          0.43261158,
          0.8098115,
          0.0
        ],
        [
          0.0,
          0.0,
          1.0
        ]
      ],
      "offset": [
        -0.2586112,
        -0.25960433,
        0.0
      ],
      "color": 0.6666667,
      "linear": 0.0,
      "sinusoidal": 0.0,
      "spherical": 0.0,
      "swirl": 0.0,
      "horseshoe": 0.0,
      "handkerchief": 0.0,
      "julia": 0.0,
      "polar": 0.0,
      "disc": 0.0,
      "rings": 1.0,
      "bubble": 0.0,
      "fisheye": 0.0,
      "exponential": 0.0,
      "spiral": 0.0,
      "diamond": 0.0,
      "bent": 0.0,
      "waves": 0.0,
      "popcorn": 0.0,
      "fan": 0.0,
      "eyefish": 0.0,
      "cross": 0.0,
      "tangent": 0.0,
      "cosine": 0.0,
      "blob": 0.0,
      "noise": 0.0,
      "curl": 0.0,
      "variation_params": {}
    }
  ],
  "final_transform": null,
  "symmetry": 1,
  "palette": [
    [
      0.76203305,
      0.7045472,
      0.87364036
    ],
    [
      0.72436523,
      0.7221512,
      0.84386575
    ],
    [
      0.6848945,
      0.7391329,
      0.811302
    ],
    [
      0.64372844,
      0.75547516,
      0.7760687
    ],
    [
      0.60097927,
      0.77116233,
      0.7382958
    ],
    [
      0.55676335,
      0.786179,
      0.69812226
    ],
    [
      0.51120126,
      0.80051076,
      0.65569615
    ],
    [
      0.4644173,
      0.814143,
      0.61117357
    ],
    [
      0.41653886,
      0.82706267,
      0.56471854
    ],
    [
      0.3676963,
      0.8392571,
      0.5165019
    ],
    [
      0.31802294,
      0.8507145,
      0.4667015
    ],
    [
      0.26765406,
      0.8614235,
      0.4155006
    ],
    [
      0.21672684,
      0.8713736,
      0.3630877
    ],
    [
      0.16538024,
      0.88055515,
      0.30965585
    ],
    [
      0.113754116,
      0.8889593,
      0.25540173
    ],
    [
      0.06198904,
      0.89657754,
      0.20052518
    ],
    [
      0.010226309,
      0.90340245,
      0.14522824
    ],
    [
      0.0,
      0.90942746,
      0.08971441
    ],
    [
      0.0,
      0.91464674,
      0.03418845
    ],
    [
      0.0,
      0.9190549,
      0.0
    ],
    [
      0.0,
      0.922648,
      0.0
    ],
    [
      0.0,
      0.9254222,
      0.0
    ],
    [
      0.0,
      0.927375,
      0.0
    ],
    [
      0.0,
      0.9285044,
      0.0
    ],
    [
      0.0,
      0.9288093,
      0.0
    ],
    [
      0.0,
      0.92828935,
      0.0
    ],
    [
      0.0,
      0.9269452,
      0.0
    ],
    [
      0.0,
      0.924778,
      0.0
    ],
    [
      0.0,
      0.92179,
      0.0
    ],
    [
      0.0,
      0.917984,
      0.0
    ],
    [
      0.0,
      0.9133639,
      0.0
    ],
    [
      0.0,
      0.907934,
      0.0
    ],
    [
      0.0,
      0.90169984,
      0.0
    ],
    [
      0.0,
      0.89466727,
      0.0
    ],
    [
      0.0,
      0.8868436,
      0.0
    ],
    [
      0.0,
      0.8782359,
      0.0
    ],
    [
      0.0,
      0.8688529,
      0.0
    ],
    [
      0.0,
      0.8587041,
      0.0
    ],
    [
      0.0,
      0.84779894,
      0.0
    ],
    [
      0.0,
      0.8361484,
      0.0
    ],
    [
      0.0,
      0.82376355,
      0.0
    ],
    [
      0.0,
      0.81065667,
      0.0
    ],
    [
      0.0,
      0.796841,
      0.0
    ],
    [
      0.0,
      0.7823293,
      0.0
    ],
    [
      0.0,
      0.7671361,
      0.0
    ],
    [
      0.0,
      0.7512769,
      0.0
    ],
    [
      0.0,
      0.7347661,
      0.0
    ],
    [
      0.0,
      0.71762073,
      0.0
    ],
    [
      0.0,
      0.69985753,
      0.0
    ],
    [
      0.0,
      0.6814931,
      0.0
    ],
    [
      0.0,
      0.6625465,
      0.0
    ],
    [
      0.0,
      0.6430351,
      0.0
    ],
    [
      0.0,
      0.6229787,
      0.0
    ],
    [
      0.0,
      0.6023974,
      0.0
    ],
    [
      0.0,
      0.5813101,
      0.0
    ],
    [
      0.0,
      0.5597388,
      0.0
    ],
    [
      0.0,
      0.53770334,
      0.0
    ],
    [
      0.0,
      0.5152262,
      0.0
    ],
    [
      0.0,
      0.49232903,
      0.0
    ],
    [
      0.0,
      0.4690343,
      0.0
    ],
    [
      0.0,
      0.44536448,
      0.0
    ],
    [
      0.0,
      0.42134374,
      0.0
    ],
    [
      0.0,
      0.39699417,
      0.0
    ],
    [
      0.0,
      0.37234032,
      0.0
    ],
    [
      0.0,
      0.3474071,
      0.0
    ],
    [
      0.0,
      0.3222174,
      0.0
    ],
    [
      0.0,
      0.29679698,
      0.0
    ],
    [
      0.0,
      0.27117077,
      0.0
    ],
    [
      0.0,
      0.24536267,
      0.04058359
    ],
    [
      0.0,
      0.2193987,
      0.09611878
    ],
    [
      0.0,
      0.1933051,
      0.15161759
    ],
    [
      0.0,
      0.16710581,
      0.20687655
    ],
    [
      0.0,
      0.14082806,
      0.26169172
    ],
    [
      0.0,
      0.11449596,
      0.31586128
    ],
    [
      0.0029515028,
      0.08813691,
      0.36918533
    ],
    [
      0.05470259,
      0.061775096,
      0.42146838
    ],
    [
      0.10647625,
      0.035437524,
      0.47251746
    ],
    [
      0.15812995,
      0.009149566,
      0.52214426
    ],
    [
      0.20952483,
      0.0,
      0.57016677
    ],
    [
      0.2605194,
      0.0,
      0.61640775
    ],
    [
      0.31097513,
      0.0,
      0.66069657
    ],
    [
      0.36075458,
      0.0,
      0.70287097
    ],
    [
      0.4097216,
      0.0,
      0.7427755
    ],
    [
      0.4577441,
      0.0,
      0.78026235
    ],
    [
      0.5046898,
      0.0,
      0.81519437
