{
  "name": "mutant-5005",
  "global": {
    "speed": 0.22572058,
    "zoom": 1.0,
    "trail": 0.32906026,
    "flame_brightness": 0.29101622
  },
  "kifs": {
    "fold_angle": 1.4722663,
    "scale": 1.5806699,
    "brightness": 0.3
  },
  "transforms": [
    {
      "weight": 0.48770282,
      "affine": [
        [
          -0.3466414,
          0.3194381,
          0.0
        ],
        [
          -0.3194381,
          -0.3466414,
          0.0
        ],
        [
          0.0,
          0.0,
          1.1041361
        ]
      ],
      "offset": [
        0.11750102,
        -0.6536952,
        0.0
      ],
      "color": 0.0,
      "linear": 0.0,
      "sinusoidal": 0.0,
      "spherical": 0.0,
      "swirl": 0.0,
      "horseshoe": 0.0,
      "handkerchief": 0.0,
      "julia": 0.0,
      "polar": 0.0,
      "disc": 0.0,
      "rings": 0.0,
      "bubble": 0.0,
      "fisheye": 1.0,
      "exponential": 0.0,
      "spiral": 0.0,
      "diamond": 0.0,
      "bent": 0.0,
      "waves": 0.0,
      "popcorn": 0.0,
      "fan": 0.0,
      "eyefish": 0.0,
      "cross": 0.0,
      "tangent": 0.0,
      "cosine": 0.0,
      "blob": 0.0,
      "noise": 0.0,
      "curl": 0.0,
      "variation_params": {}
    },
    {
      "weight": 0.074309416,
      "affine": [
        [
          0.17094895,
          0.43970776,
          0.0
        ],
        [
          -0.43970776,
          0.17094895,
          0.0
        ],
        [
          0.0,
          0.0,
          1.3479121
        ]
      ],
      "offset": [
        -2.5,
        -0.3,
        0.0
      ],
      "color": 0.33333334,
      "linear": 0.0,
      "sinusoidal": 0.0,
      "spherical": 0.0,
      "swirl": 0.0,
      "horseshoe": 0.0,
      "handkerchief": 0.0,
      "julia": 0.0,
      "polar": 0.0,
      "disc": 0.0,
      "rings": 0.0,
      "bubble": 0.0,
      "fisheye": 0.0,
      "exponential": 0.0,
      "spiral": 0.0,
      "diamond": 0.0,
      "bent": 0.4,
      "waves": 0.6,
      "popcorn": 0.0,
      "fan": 0.0,
      "eyefish": 0.0,
      "cross": 0.0,
      "tangent": 0.0,
      "cosine": 0.0,
      "blob": 0.0,
      "noise": 0.0,
      "curl": 0.0,
      "variation_params": {}
    },
    {
      "weight": 0.43798772,
      "affine": [
        [
          -0.4753527,
          -0.20025398,
          0.0
        ],
        [
          -0.6400241,
          0.9731968,
          0.0
        ],
        [
          0.0,
          0.0,
          1.1848761
        ]
      ],
      "offset": [
        -0.009103775,
        -0.41602397,
        0.0
      ],
      "color": 0.6666667,
      "linear": 0.0,
      "sinusoidal": 0.0,
      "spherical": 0.0,
      "swirl": 0.0,
      "horseshoe": 0.0,
      "handkerchief": 0.0,
      "julia": 0.0,
      "polar": 0.0,
      "disc": 0.0,
      "rings": 0.0,
      "bubble": 0.0,
      "fisheye": 0.0,
      "exponential": 0.0,
      "spiral": 0.0,
      "diamond": 0.0,
      "bent": 0.0,
      "waves": 0.0,
      "popcorn": 0.0,
      "fan": 1.0,
      "eyefish": 0.0,
      "cross": 0.0,
      "tangent": 0.0,
      "cosine": 0.0,
      "blob": 0.0,
      "noise": 0.0,
      "curl": 0.0,
      "variation_params": {}
    }
  ],
  "final_transform": null,
  "symmetry": 4,
  "palette": [
    [
      0.41955978,
      0.1786887,
      0.8709258
    ],
    [
      0.44755265,
      0.15985785,
      0.8637054
    ],
    [
      0.47439992,
      0.14103101,
      0.85597277
    ],
    [
      0.50000334,
      0.12222542,
      0.84773445
    ],
    [
      0.5242693,
      0.10345799,
      0.8389982
    ],
    [
      0.5471089,
      0.08474577,
      0.8297715
    ],
    [
      0.5684389,
      0.066105954,
      0.82006264
    ],
    [
      0.58818066,
      0.047555484,
      0.8098804
    ],
    [
      0.60626256,
      0.029111028,
      0.7992338
    ],
    [
      0.62261784,
      0.010789514,
      0.7881322
    ],
    [
      0.6371872,
      0.0,
      0.7765856
    ],
    [
      0.6499171,
      0.0,
      0.76460433
    ],
    [
      0.660761,
      0.0,
      0.752199
    ],
    [
      0.6696792,
      0.0,
      0.7393807
    ],
    [
      0.67663914,
      0.0,
      0.7261609
    ],
    [
      0.68161523,
      0.0,
      0.71255124
    ],
    [
      0.6845894,
      0.0,
      0.698564
    ],
    [
      0.68555063,
      0.0,
      0.6842115
    ],
    [
      0.6844955,
      0.0,
      0.66950667
    ],
    [
      0.68142784,
      0.0,
      0.6544626
    ],
    [
      0.6763589,
      0.0,
      0.6390927
    ],
    [
      0.66930705,
      0.0,
      0.6234104
    ],
    [
      0.66029847,
      0.0,
      0.6074302
    ],
    [
      0.6493658,
      0.0,
      0.5911658
    ],
    [
      0.6365491,
      0.0,
      0.57463217
    ],
    [
      0.62189525,
      0.0,
      0.5578436
    ],
    [
      0.60545796,
      0.0,
      0.5408155
    ],
    [
      0.58729756,
      0.0,
      0.5235626
    ],
    [
      0.56748,
      0.0,
      0.5061006
    ],
    [
      0.54607797,
      0.0,
      0.48844498
    ],
    [
      0.52317,
      0.0,
      0.4706114
    ],
    [
      0.49883974,
      0.0,
      0.45261592
    ],
    [
      0.47317645,
      0.0,
      0.4344744
    ],
    [
      0.4462736,
      0.0,
      0.41620308
    ],
    [
      0.41822964,
      0.0,
      0.3978183
    ],
    [
      0.38914755,
      0.0,
      0.3793363
    ],
    [
      0.3591338,
      0.0,
      0.36077374
    ],
    [
      0.32829726,
      0.0,
      0.34214705
    ],
    [
      0.2967524,
      0.0,
      0.3234728
    ],
    [
      0.26461297,
      0.0,
      0.30476773
    ],
    [
      0.2319975,
      0.0,
      0.2860485
    ],
    [
      0.19902539,
      0.0,
      0.26733166
    ],
    [
      0.16581646,
      0.0,
      0.248634
    ],
    [
      0.13249302,
      0.0,
      0.22997226
    ],
    [
      0.09917672,
      0.0,
      0.21136299
    ],
    [
      0.06598972,
      0.0,
      0.1928227
    ],
    [
      0.03305266,
      0.0,
      0.17436798
    ],
    [
      0.00048685074,
      0.0,
      0.15601537
    ],
    [
      0.0,
      0.0,
      0.13778122
    ],
    [
      0.0,
      0.0,
      0.11968155
    ],
    [
      0.0,
      0.0,
      0.1017326
    ],
    [
      0.0,
      0.0,
      0.08395064
    ],
    [
      0.0,
      0.0,
      0.06635119
    ],
    [
      0.0,
      0.0,
      0.04895
    ],
    [
      0.0,
      0.0,
      0.03176263
    ],
    [
      0.0,
      0.0,
      0.014804423
    ],
    [
      0.0,
      0.0,
      0.0
    ],
    [
      0.0,
      0.0,
      0.0
    ],
    [
      0.0,
      0.0,
      0.0
    ],
    [
      0.0,
      0.0,
      0.0
    ],
    [
      0.0,
      0.0,
      0.0
    ],
    [
      0.0,
      0.0,
      0.0
    ],
    [
      0.0,
      0.0,
      0.0
    ],
    [
      0.0,
      0.0,
      0.0
    ],
    [
      0.0,
      0.0,
      0.0
    ],
    [
      0.0,
      0.0,
      0.0
    ],
    [
      0.0,
      0.0,
      0.0
    ],
    [
      0.0,
      0.0,
      0.0
    ],
    [
      0.0,
      0.0,
      0.0
    ],
    [
      0.0,
      0.0,
      0.0
    ],
    [
      0.0,
      0.0,
      0.0
    ],
    [
      0.0,
      0.0,
      0.0
    ],
    [
      0.0,
      0.0,
      0.0
    ],
    [
      0.0,
      0.0,
      0.0
    ],
    [
      0.0,
      0.0,
      0.0
    ],
    [
      0.0,
      0.0,
      0.0
    ],
    [
      0.0,
      0.0,
      0.0
    ],
    [
      0.0,
      0.0,
      0.0
    ],
    [
      0.0,
      0.0,
      0.0
    ],
    [
      0.0,
      0.0,
      0.0
    ],
    [
      0.0,
      0.0,
      0.0
    ],
    [
      0.0,
      0.0,
      0.0
    ],
    [
      0.0,
      0.0,
      0.0
    ],
    [
      0.0,
      0.0,
      0.0
    ],
    [
      0.0,
      0.0,
      0.0
    ],
    [
      0.0,
      0.0,
      0.0
    ],
    [
      0.0,
      0.0,
      0.0
    ],
    [
      0.0,
      0.0,
      0.0
    ],
    [
      0.0,
      0.0,
