{
  "name": "mutant-4536",
  "global": {
    "speed": 0.191607,
    "zoom": 1.6314732,
    "trail": 0.34367758,
    "flame_brightness": 0.32007092
  },
  "kifs": {
    "fold_angle": 1.4722663,
    "scale": 1.5806699,
    "brightness": 0.3
  },
  "transforms": [
    {
      "weight": 0.48089927,
      "affine": [
        [
          0.648796,
          -0.013115026,
          0.0
        ],
        [
          0.93061006,
          0.8841566,
          0.0
        ],
        [
          0.0,
          0.0,
          1.1948608
        ]
      ],
      "offset": [
        0.37709844,
        -0.24080801,
        0.0
      ],
      "color": 0.0,
      "linear": 0.0,
      "sinusoidal": 0.0,
      "spherical": 0.0,
      "swirl": 0.0,
      "horseshoe": 0.0,
      "handkerchief": 0.0,
      "julia": 0.0,
      "polar": 0.0,
      "disc": 0.0,
      "rings": 0.0,
      "bubble": 0.0,
      "fisheye": 0.0,
      "exponential": 0.0,
      "spiral": 0.0,
      "diamond": 0.0,
      "bent": 0.0,
      "waves": 1.0,
      "popcorn": 0.0,
      "fan": 0.0,
      "eyefish": 0.0,
      "cross": 0.0,
      "tangent": 0.0,
      "cosine": 0.0,
      "blob": 0.0,
      "noise": 0.0,
      "curl": 0.0,
      "variation_params": {}
    },
    {
      "weight": 0.30910102,
      "affine": [
        [
          0.5313293,
          0.0,
          0.0
        ],
        [
          0.0,
          0.5313293,
          0.0
        ],
        [
          0.0,
          0.0,
          1.0626585
        ]
      ],
      "offset": [
        0.0,
        0.5,
        0.0
      ],
      "color": 0.33333334,
      "linear": 0.0,
      "sinusoidal": 0.0,
      "spherical": 0.0,
      "swirl": 1.0,
      "horseshoe": 0.0,
      "handkerchief": 0.0,
      "julia": 0.0,
      "polar": 0.0,
      "disc": 0.0,
      "rings": 0.0,
      "bubble": 0.0,
      "fisheye": 0.0,
      "exponential": 0.0,
      "spiral": 0.0,
      "diamond": 0.0,
      "bent": 0.0,
      "waves": 0.0,
      "popcorn": 0.0,
      "fan": 0.0,
      "eyefish": 0.0,
      "cross": 0.0,
      "tangent": 0.0,
      "cosine": 0.0,
      "blob": 0.0,
      "noise": 0.0,
      "curl": 0.0,
      "variation_params": {}
    },
    {
      "weight": 0.20999971,
      "affine": [
        [
          1.2065293,
          0.4578181,
          0.0
        ],
        [
          -1.1714765,
          -0.6177547,
          0.0
        ],
        [
          0.0,
          0.0,
          1.4352969
        ]
      ],
      "offset": [
        0.905589,
        0.909402,
        0.0
      ],
      "color": 0.6666667,
      "linear": 0.0,
      "sinusoidal": 0.0,
      "spherical": 1.0,
      "swirl": 0.0,
      "horseshoe": 0.0,
      "handkerchief": 0.0,
      "julia": 0.0,
      "polar": 0.0,
      "disc": 0.0,
      "rings": 0.0,
      "bubble": 0.0,
      "fisheye": 0.0,
      "exponential": 0.0,
      "spiral": 0.0,
      "diamond": 0.0,
      "bent": 0.0,
      "waves": 0.0,
      "popcorn": 0.0,
      "fan": 0.0,
      "eyefish": 0.0,
      "cross": 0.0,
      "tangent": 0.0,
      "cosine": 0.0,
      "blob": 0.0,
      "noise": 0.0,
      "curl": 0.0,
      "variation_params": {}
    }
  ],
  "final_transform": null,
  "symmetry": 6,
  "palette": [
    [
      0.16806608,
      0.6536812,
      0.5983203
    ],
    [
      0.1705654,
      0.64875436,
      0.5842718
    ],
    [
      0.17339954,
      0.64339983,
      0.5701013
    ],
    [
      0.1765648,
      0.63762957,
      0.55582625
    ],
    [
      0.18005705,
      0.6314561,
      0.54146415
    ],
    [
      0.18387164,
      0.624893,
      0.5270328
    ],
    [
      0.18800367,
      0.61795473,
      0.51254976
    ],
    [
      0.19244768,
      0.6106565,
      0.49803302
    ],
    [
      0.19719778,
      0.6030143,
      0.48350033
    ],
    [
      0.20224778,
      0.5950449,
      0.46896958
    ],
    [
      0.20759112,
      0.5867659,
      0.45445874
    ],
    [
      0.21322072,
      0.5781954,
      0.43998554
    ],
    [
      0.21912926,
      0.56935215,
      0.4255679
    ],
    [
      0.22530892,
      0.56025565,
      0.4112234
    ],
    [
      0.23175168,
      0.5509259,
      0.39696988
    ],
    [
      0.23844904,
      0.5413833,
      0.3828247
    ],
    [
      0.24539225,
      0.5316489,
      0.3688054
    ],
    [
      0.25257212,
      0.5217439,
      0.35492912
    ],
    [
      0.25997955,
      0.5116902,
      0.341213
    ],
    [
      0.26760438,
      0.50150985,
      0.32767382
    ],
    [
      0.27543682,
      0.49122515,
      0.31432837
    ],
    [
      0.28346664,
      0.48085868,
      0.30119288
    ],
    [
      0.29168326,
      0.47043324,
      0.28828377
    ],
    [
      0.30007604,
      0.45997167,
      0.27561662
    ],
    [
      0.30863374,
      0.44949698,
      0.26320732
    ],
    [
      0.3173453,
      0.43903214,
      0.25107092
    ],
    [
      0.32619923,
      0.42860013,
      0.23922236
    ],
    [
      0.3351841,
      0.41822386,
      0.22767636
    ],
    [
      0.34428784,
      0.40792614,
      0.216447
    ],
    [
      0.35349882,
      0.39772952,
      0.20554805
    ],
    [
      0.36280453,
      0.3876564,
      0.19499302
    ],
    [
      0.37219334,
      0.37772894,
      0.18479493
    ],
    [
      0.38165247,
      0.36796886,
      0.17496625
    ],
    [
      0.39116988,
      0.35839763,
      0.165519
    ],
    [
      0.4007328,
      0.34903622,
      0.1564649
    ],
    [
      0.41032875,
      0.33990526,
      0.14781511
    ],
    [
      0.41994524,
      0.33102477,
      0.13958028
    ],
    [
      0.42956975,
      0.32241422,
      0.13177037
    ],
    [
      0.43918943,
      0.31409252,
      0.12439516
    ],
    [
      0.44879177,
      0.30607793,
      0.11746371
    ],
    [
      0.4583643,
      0.298388,
      0.110984504
    ],
    [
      0.46789417,
      0.29103976,
      0.10496545
    ],
    [
      0.47736928,
      0.2840492,
      0.09941405
    ],
    [
      0.48677704,
      0.2774318,
      0.094337106
    ],
    [
      0.49610496,
      0.2712019,
      0.0897409
    ],
    [
      0.50534093,
      0.26537335,
      0.08563098
    ],
    [
      0.51447284,
      0.25995886,
      0.082012475
    ],
    [
      0.5234889,
      0.2549703,
      0.07888988
    ],
    [
      0.5323769,
      0.25041872,
      0.076266944
    ],
    [
      0.5411255,
      0.246314,
      0.074146956
    ],
    [
      0.5497231,
      0.24266522,
      0.072532475
    ],
    [
      0.5581586,
      0.23948038,
      0.07142553
    ],
    [
      0.5664207,
      0.23676644,
      0.070827454
    ],
    [
      0.5744987,
      0.2345294,
      0.07073903
    ],
    [
      0.58238184,
      0.23277417,
      0.07116029
    ],
    [
      0.5900601,
      0.23150456,
      0.072090805
    ],
    [
      0.5975232,
      0.23072338,
      0.07352933
    ],
    [
      0.6047615,
      0.23043236,
      0.07547417
    ],
    [
      0.6117653,
      0.23063213,
      0.07792294
    ],
    [
      0.61852556,
      0.23132226,
      0.080872536
    ],
    [
      0.6250334,
      0.23250121,
      0.08431947
    ],
    [
      0.6312802,
      0.2341664,
      0.08825934
    ],
    [
      0.63725793,
      0.23631418,
      0.09268743
    ],
    [
      0.64295864,
      0.23893984,
      0.097598225
    ],
    [
      0.648375,
      0.24203762,
      0.10298571
    ],
    [
      0.6534996,
      0.2456007,
      0.10884333
    ],
    [
      0.658326,
      0.24962127,
      0.11516371
    ],
    [
      0.6628479,
      0.2540905,
      0.12193918
    ],
    [
      0.6670592,
      0.25899857,
      0.12916148
    ],
    [
      0.67095435,
      0.26433474,
      0.13682154
    ],
    [
      0.6745284,
      0.27008724,
      0.14491004
    ],
    [
      0.6777766,
      0.27624348,
      0.15341711
    ],
    [
      0.6806947,
      0.2827899,
      0.162332
    ],
    [
