{
  "name": "mutant-5052",
  "global": {
    "speed": 0.21787563,
    "zoom": 2.4499102,
    "trail": 0.33110148,
    "flame_brightness": 0.33963346
  },
  "kifs": {
    "fold_angle": 1.4722663,
    "scale": 1.5806699,
    "brightness": 0.3
  },
  "transforms": [
    {
      "weight": 0.6435726,
      "affine": [
        [
          0.19652641,
          -0.7812767,
          0.0
        ],
        [
          0.57257843,
          0.4996059,
          0.0
        ],
        [
          0.0,
          0.0,
          1.0
        ]
      ],
      "offset": [
        0.107988834,
        -0.3570602,
        0.0
      ],
      "color": 0.0,
      "linear": 0.0,
      "sinusoidal": 0.0,
      "spherical": 0.0,
      "swirl": 0.0,
      "horseshoe": 0.0,
      "handkerchief": 0.0,
      "julia": 0.0,
      "polar": 0.0,
      "disc": 0.0,
      "rings": 0.0,
      "bubble": 1.0,
      "fisheye": 0.0,
      "exponential": 0.0,
      "spiral": 0.0,
      "diamond": 0.0,
      "bent": 0.0,
      "waves": 0.0,
      "popcorn": 0.0,
      "fan": 0.0,
      "eyefish": 0.0,
      "cross": 0.0,
      "tangent": 0.0,
      "cosine": 0.0,
      "blob": 0.0,
      "noise": 0.0,
      "curl": 0.0,
      "variation_params": {}
    },
    {
      "weight": 0.3564274,
      "affine": [
        [
          1.0934871,
          -0.6239643,
          0.0
        ],
        [
          -0.23758948,
          0.30635986,
          0.0
        ],
        [
          0.0,
          0.0,
          1.0709319
        ]
      ],
      "offset": [
        -0.4942268,
        -0.8088441,
        0.0
      ],
      "color": 0.5,
      "linear": 0.0,
      "sinusoidal": 0.0,
      "spherical": 0.0,
      "swirl": 0.0,
      "horseshoe": 0.0,
      "handkerchief": 0.0,
      "julia": 0.0,
      "polar": 0.0,
      "disc": 0.0,
      "rings": 0.0,
      "bubble": 0.0,
      "fisheye": 0.0,
      "exponential": 0.0,
      "spiral": 0.0,
      "diamond": 0.0,
      "bent": 0.0,
      "waves": 0.0,
      "popcorn": 0.0,
      "fan": 0.0,
      "eyefish": 0.0,
      "cross": 0.0,
      "tangent": 1.0,
      "cosine": 0.0,
      "blob": 0.0,
      "noise": 0.0,
      "curl": 0.0,
      "variation_params": {}
    }
  ],
  "final_transform": {
    "weight": 0.0,
    "affine": [
      [
        0.9342721,
        -0.3058076,
        0.0
      ],
      [
        0.3058076,
        0.9342721,
        0.0
      ],
      [
        0.0,
        0.0,
        0.9830476
      ]
    ],
    "offset": [
      0.0,
      0.0,
      0.0
    ],
    "color": 0.8610575,
    "linear": 0.0,
    "sinusoidal": 0.0,
    "spherical": 0.0,
    "swirl": 0.0,
    "horseshoe": 0.0,
    "handkerchief": 0.0,
    "julia": 0.0,
    "polar": 0.0,
    "disc": 0.0,
    "rings": 0.0,
    "bubble": 0.0,
    "fisheye": 0.0,
    "exponential": 0.0,
    "spiral": 0.0,
    "diamond": 0.0,
    "bent": 0.0,
    "waves": 0.0,
    "popcorn": 0.0,
    "fan": 0.0,
    "eyefish": 0.0,
    "cross": 0.0,
    "tangent": 0.0,
    "cosine": 0.0,
    "blob": 0.0,
    "noise": 0.0,
    "curl": 0.5336545,
    "variation_params": {}
  },
  "symmetry": 6,
  "palette": [
    [
      0.27186614,
      0.39489254,
      0.0011892915
    ],
    [
      0.26511365,
      0.4099418,
      0.00005453825
    ],
    [
      0.25850433,
      0.4247042,
      0.0
    ],
    [
      0.2520426,
      0.43914557,
      0.0
    ],
    [
      0.24573249,
      0.45323202,
      0.0
    ],
    [
      0.23957832,
      0.46693018,
      0.0
    ],
    [
      0.23358403,
      0.4802084,
      0.0
    ],
    [
      0.22775367,
      0.49303558,
      0.0
    ],
    [
      0.22209099,
      0.5053813,
      0.00081676245
    ],
    [
      0.2165997,
      0.51721704,
      0.0021682382
    ],
    [
      0.21128345,
      0.5285149,
      0.003828168
    ],
    [
      0.20614564,
      0.5392486,
      0.0057952106
    ],
    [
      0.20118973,
      0.5493928,
      0.008067727
    ],
    [
      0.19641897,
      0.55892384,
      0.01064387
    ],
    [
      0.19183648,
      0.5678195,
      0.013521582
    ],
    [
      0.1874452,
      0.57605875,
      0.01669845
    ],
    [
      0.1832481,
      0.58362246,
      0.02017191
    ],
    [
      0.17924792,
      0.59049296,
      0.023939133
    ],
    [
      0.17544729,
      0.5966539,
      0.027996898
    ],
    [
      0.17184865,
      0.6020911,
      0.032342106
    ],
    [
      0.16845438,
      0.60679173,
      0.036970973
    ],
    [
      0.16526678,
      0.6107449,
      0.041879892
    ],
    [
      0.16228783,
      0.61394125,
      0.04706472
    ],
    [
      0.15951961,
      0.6163733,
      0.052521348
    ],
    [
      0.15696386,
      0.6180353,
      0.05824521
    ],
    [
      0.15462223,
      0.61892354,
      0.064231575
    ],
    [
      0.15249634,
      0.6190358,
      0.0704757
    ],
    [
      0.1505875,
      0.61837184,
      0.076972276
    ],
    [
      0.14889702,
      0.6169332,
      0.08371621
    ],
    [
      0.14742601,
      0.6147233,
      0.0907017
    ],
    [
      0.14617544,
      0.61174726,
      0.09792334
    ],
    [
      0.14514607,
      0.60801214,
      0.10537508
    ],
    [
      0.14433867,
      0.6035265,
      0.11305067
    ],
    [
      0.14375368,
      0.59830105,
      0.12094411
    ],
    [
      0.14339152,
      0.59234786,
      0.12904873
    ],
    [
      0.14325246,
      0.585681,
      0.13735802
    ],
    [
      0.14333653,
      0.5783161,
      0.14586508
    ],
    [
      0.14364374,
      0.5702702,
      0.15456297
    ],
    [
      0.14417383,
      0.5615623,
      0.16344476
    ],
    [
      0.14492652,
      0.55221283,
      0.1725027
    ],
    [
      0.1459012,
      0.54224336,
      0.18173
    ],
    [
      0.14709732,
      0.53167766,
      0.19111864
    ],
    [
      0.14851412,
      0.52054036,
      0.2006611
    ],
    [
      0.15015063,
      0.50885725,
      0.21034953
    ],
    [
      0.1520057,
      0.496656,
      0.22017606
    ],
    [
      0.15407827,
      0.48396516,
      0.23013277
    ],
    [
      0.15636683,
      0.47081414,
      0.24021104
    ],
    [
      0.15886995,
      0.4572342,
      0.2504031
    ],
    [
      0.16158605,
      0.4432567,
      0.2607006
    ],
    [
      0.16451323,
      0.42891443,
      0.2710948
    ],
    [
      0.16764963,
      0.41424137,
      0.28157738
    ],
    [
      0.17099312,
      0.39927143,
      0.2921397
    ],
    [
      0.1745416,
      0.38403967,
      0.30277336
    ],
    [
      0.17829269,
      0.3685822,
      0.31346923
    ],
    [
      0.18224394,
      0.35293475,
      0.32421857
    ],
    [
      0.18639281,
      0.33713427,
      0.33501318
    ],
    [
      0.19073644,
      0.32121727,
      0.34584364
    ],
    [
      0.19527209,
      0.30522153,
      0.35670125
    ],
    [
      0.19999677,
      0.28918445,
      0.36757717
    ],
    [
      0.20490733,
      0.27314314,
      0.37846264
    ],
    [
      0.21000063,
      0.25713578,
      0.3893484
    ],
    [
      0.21527323,
      0.24119934,
      0.40022555
    ],
    [
      0.22072166,
      0.22537118,
      0.41108572
    ],
    [
      0.22634244,
      0.20968883,
      0.42191947
    ],
    [
      0.23213202,
      0.19418836,
      0.43271813
    ],
    [
      0.23808616,
      0.17890666,
      0.443473
    ],
    [
      0.24420127,
      0.16387895,
      0.454175
    ],
    [
      0.25047326,
      0.14914069,
      0.4648155
    ],
    [
      0.25689816,
      0.13472667,
      0.47538558
    ],
    [
      0.26347154,
      0.12067036,
      0.4858772
    ],
    [
      0.2701891,
      0.10700439,
      0.49628115
    ],
    [
      0.2770464,
      0.093761295,
      0.5065892
    ],
    [
      0.28403914,
      0.08097157,
      0.51679295
    ],
    [
      0.29116276,
      0.0686654,
      0.52688384
    ],
    [
      0.29841232,
      0.05687186,
      0.5368537
