{
  "name": "mutant-6975",
  "global": {
    "speed": 0.22626922,
    "zoom": 0.0,
    "trail": 0.3112919,
    "flame_brightness": 0.38636345
  },
  "kifs": {
    "fold_angle": 1.4722663,
    "scale": 1.5806699,
    "brightness": 0.3
  },
  "transforms": [
    {
      "weight": 1.0,
      "affine": [
        [
          0.31757152,
          0.07507241,
          0.0
        ],
        [
          0.66384923,
          0.8211489,
          0.0
        ],
        [
          0.0,
          0.0,
          1.0
        ]
      ],
      "offset": [
        -0.8445897,
        0.04932511,
        0.0
      ],
      "color": 0.0,
      "linear": 0.0,
      "sinusoidal": 0.0,
      "spherical": 0.0,
      "swirl": 0.0,
      "horseshoe": 0.0,
      "handkerchief": 0.0,
      "julia": 0.0,
      "polar": 0.0,
      "disc": 0.0,
      "rings": 1.0,
      "bubble": 0.0,
      "fisheye": 0.0,
      "exponential": 0.0,
      "spiral": 0.0,
      "diamond": 0.0,
      "bent": 0.0,
      "waves": 0.0,
      "popcorn": 0.0,
      "fan": 0.0,
      "eyefish": 0.0,
      "cross": 0.0,
      "tangent": 0.0,
      "cosine": 0.0,
      "blob": 0.0,
      "noise": 0.0,
      "curl": 0.0,
      "variation_params": {}
    }
  ],
  "final_transform": null,
  "symmetry": 6,
  "palette": [
    [
      0.0,
      0.5882562,
      0.0
    ],
    [
      0.0,
      0.5709307,
      0.0
    ],
    [
      0.0,
      0.5525502,
      0.0
    ],
    [
      0.0,
      0.5331557,
      0.0
    ],
    [
      0.0,
      0.51279044,
      0.0
    ],
    [
      0.0,
      0.4915002,
      0.0
    ],
    [
      0.0,
      0.46933246,
      0.0
    ],
    [
      0.0,
      0.4463368,
      0.0
    ],
    [
      0.0,
      0.4225647,
      0.0
    ],
    [
      0.0,
      0.3980693,
      0.0
    ],
    [
      0.0,
      0.37290534,
      0.0
    ],
    [
      0.0,
      0.34712914,
      0.0
    ],
    [
      0.0,
      0.32079837,
      0.0
    ],
    [
      0.0,
      0.29397184,
      0.0
    ],
    [
      0.0,
      0.2667096,
      0.0
    ],
    [
      0.0,
      0.23907259,
      0.0
    ],
    [
      0.0,
      0.21112262,
      0.0
    ],
    [
      0.0,
      0.18292221,
      0.0
    ],
    [
      0.0,
      0.15453443,
      0.0
    ],
    [
      0.0,
      0.12602282,
      0.0
    ],
    [
      0.0,
      0.09745093,
      0.0
    ],
    [
      0.0018044142,
      0.06888288,
      0.0
    ],
    [
      0.016713778,
      0.040382486,
      0.0
    ],
    [
      0.031621993,
      0.01201348,
      0.0
    ],
    [
      0.04652255,
      0.0,
      0.0
    ],
    [
      0.061408937,
      0.0,
      0.0
    ],
    [
      0.07627466,
      0.0,
      0.0
    ],
    [
      0.091113225,
      0.0,
      0.0
    ],
    [
      0.105918154,
      0.0,
      0.0
    ],
    [
      0.12068298,
      0.0,
      0.0
    ],
    [
      0.13540158,
      0.0,
      0.0
    ],
    [
      0.15006687,
      0.0,
      0.0
    ],
    [
      0.16467278,
      0.0,
      0.0
    ],
    [
      0.17921293,
      0.0,
      0.0
    ],
    [
      0.19368096,
      0.0,
      0.0
    ],
    [
      0.20807087,
      0.0,
      0.0
    ],
    [
      0.22237575,
      0.0,
      0.0
    ],
    [
      0.23658969,
      0.0,
      0.0
    ],
    [
      0.25070643,
      0.0,
      0.0
    ],
    [
      0.26471984,
      0.0,
      0.0
    ],
    [
      0.27862412,
      0.0,
      0.0
    ],
    [
      0.29241255,
      0.0,
      0.0
    ],
    [
      0.30607945,
      0.0,
      0.0
    ],
    [
      0.31961882,
      0.0,
      0.0
    ],
    [
      0.33302477,
      0.0,
      0.0
    ],
    [
      0.34629142,
      0.0,
      0.0
    ],
    [
      0.359413,
      0.0,
      0.0
    ],
    [
      0.37238407,
      0.0,
      0.0
    ],
    [
      0.38519835,
      0.0,
      0.0
    ],
    [
      0.3978506,
      0.0,
      0.0
    ],
    [
      0.41033527,
      0.0,
      0.012854211
    ],
    [
      0.42264685,
      0.0,
      0.04968259
    ],
    [
      0.43478,
      0.0,
      0.08659981
    ],
    [
      0.44672948,
      0.0,
      0.12353659
    ],
    [
      0.45848998,
      0.0,
      0.16042276
    ],
    [
      0.47005644,
      0.0,
      0.1971887
    ],
    [
      0.48142377,
      0.0,
      0.23376456
    ],
    [
      0.49258724,
      0.0,
      0.27008215
    ],
    [
      0.50354147,
      0.0,
      0.30607206
    ],
    [
      0.514282,
      0.0,
      0.34166712
    ],
    [
      0.52480406,
      0.0,
      0.37679973
    ],
    [
      0.53510314,
      0.0,
      0.4114036
    ],
    [
      0.54517484,
      0.0,
      0.44541296
    ],
    [
      0.5550142,
      0.0,
      0.47876403
    ],
    [
      0.56461775,
      0.0,
      0.51139456
    ],
    [
      0.5739807,
      0.0,
      0.5432415
    ],
    [
      0.58309907,
      0.0,
      0.5742457
    ],
    [
      0.5919692,
      0.0,
      0.60434836
    ],
    [
      0.6005868,
      0.0,
      0.6334924
    ],
    [
      0.60894823,
      0.0,
      0.6616233
    ],
    [
      0.6170499,
      0.0,
      0.6886876
    ],
    [
      0.6248882,
      0.0,
      0.7146341
    ],
    [
      0.63245994,
      0.0,
      0.7394142
    ],
    [
      0.63976145,
      0.0,
      0.7629807
    ],
    [
      0.6467897,
      0.0,
      0.7852895
    ],
    [
      0.65354174,
      0.0,
      0.8062984
    ],
    [
      0.66001445,
      0.0,
      0.8259675
    ],
    [
      0.6662051,
      0.0,
      0.8442596
    ],
    [
      0.67211103,
      0.0,
      0.86114043
    ],
    [
      0.6777295,
      0.0,
      0.87657833
    ],
    [
      0.6830582,
      0.0,
      0.8905435
    ],
    [
      0.68809474,
      0.0,
      0.9030102
    ],
    [
      0.692837,
      0.0,
      0.91395444
    ],
    [
      0.69728273,
      0.0033060238,
      0.9233558
    ],
    [
      0.70143026,
      0.03162173,
      0.9311966
    ],
    [
      0.7052775,
      0.06008841,
      0.93746173
    ],
    [
      0.7088229,
      0.08864242,
      0.9421396
    ],
    [
      0.7120649,
      0.11721989,
      0.9452214
    ],
    [
      0.7150021,
      0.1457569,
      0.94670117
    ],
    [
      0.7176333,
      0.17418966,
      0.94657624
    ],
    [
      0.7199571,
      0.20245457,
      0.94484675
    ],
    [
      0.72197276,
      0.23048842,
      0.9415159
    ],
    [
      0.72367924,
      0.2582285,
      0.93659025
    ],
    [
      0.72507584,
      0.2856128,
      0.9300788
    ],
    [
      0.7261619,
      0.31258005,
      0.92199403
    ],
    [
      0.726937,
      0.33907,
      0.91235125
    ],
    [
      0.7274008,
      0.36502358,
      0.9011684
    ],
    [
      0.7275531,
      0.3903823,
      0.8884669
    ],
    [
      0.7273938,
      0.41508964,
      0.8742703
    ],
    [
      0.72692305,
      0.43909043,
      0.85860604
    ],
    [
      0.726141,
      0.46233094,
      0.84150296
    ],
    [
      0.7250479,
      0.48475918,
      0.8229939
    ],
    [
      0.7236444,
      0.50632507,
      0.8031138
    ],
    [
      0.7219309,
      0.52698034,
      0.7819001
    ],
    [
      0.7199085,
      0.5466788,
      0.7593928
    ],
    [
      0.71757764,
      0.56537634,
      0.7356342
    ],
    [
      0.7149397,
      0.58303124,
      0.7106695
    ],
    [
      0.71199566,
      0.5996039,
      0.68454576
    ],
    [
      0.70874685,
      0.6150574,
      0.6573116
    ],
    [
      0.70519453,
      0.6293571,
      0.6290194
    ],
    [
      0.7013406,
      0.64247096,
      0.59972185
    ],
    [
      0.6971864,
      0.6543698,
      0.5694753
    ],
    [
      0.69273394,
      0.66502684,
      0.5383363
    ],
    [
      0.6879851,
      0.6744184,
      0.5063631
    ],
    [
      0.68294203,
      0.6825234,
      0.47361687
    ],
    [
      0.6776068,
      0.6893238,
      0.44015914
    ],
    [
      0.6719817,
      0.69480425,
      0.40605262
