{
  "name": "mutant-5843",
  "global": {
    "speed": 0.21425802,
    "zoom": 0.0,
    "trail": 0.33616114,
    "flame_brightness": 0.36044857
  },
  "kifs": {
    "fold_angle": 1.4722663,
    "scale": 1.5806699,
    "brightness": 0.3
  },
  "transforms": [
    {
      "weight": 0.6666667,
      "affine": [
        [
          0.024276018,
          -0.7280093,
          0.0
        ],
        [
          0.6028575,
          0.4949324,
          0.0
        ],
        [
          0.0,
          0.0,
          1.0
        ]
      ],
      "offset": [
        -0.67343783,
        -0.07419717,
        0.0
      ],
      "color": 0.0,
      "linear": 0.0,
      "sinusoidal": 1.0,
      "spherical": 0.0,
      "swirl": 0.0,
      "horseshoe": 0.0,
      "handkerchief": 0.0,
      "julia": 0.0,
      "polar": 0.0,
      "disc": 0.0,
      "rings": 0.0,
      "bubble": 0.0,
      "fisheye": 0.0,
      "exponential": 0.0,
      "spiral": 0.0,
      "diamond": 0.0,
      "bent": 0.0,
      "waves": 0.0,
      "popcorn": 0.0,
      "fan": 0.0,
      "eyefish": 0.0,
      "cross": 0.0,
      "tangent": 0.0,
      "cosine": 0.0,
      "blob": 0.0,
      "noise": 0.0,
      "curl": 0.0,
      "variation_params": {}
    },
    {
      "weight": 0.33333334,
      "affine": [
        [
          0.08647657,
          0.9846786,
          0.0
        ],
        [
          -0.74112755,
          -0.46436888,
          0.0
        ],
        [
          0.0,
          0.0,
          1.236696
        ]
      ],
      "offset": [
        0.41188502,
        -0.013450384,
        0.0
      ],
      "color": 0.5,
      "linear": 0.0,
      "sinusoidal": 0.0,
      "spherical": 1.0,
      "swirl": 0.0,
      "horseshoe": 0.0,
      "handkerchief": 0.0,
      "julia": 0.0,
      "polar": 0.0,
      "disc": 0.0,
      "rings": 0.0,
      "bubble": 0.0,
      "fisheye": 0.0,
      "exponential": 0.0,
      "spiral": 0.0,
      "diamond": 0.0,
      "bent": 0.0,
      "waves": 0.0,
      "popcorn": 0.0,
      "fan": 0.0,
      "eyefish": 0.0,
      "cross": 0.0,
      "tangent": 0.0,
      "cosine": 0.0,
      "blob": 0.0,
      "noise": 0.0,
      "curl": 0.0,
      "variation_params": {}
    }
  ],
  "final_transform": null,
  "symmetry": 3,
  "palette": [
    [
      0.52899945,
      0.99669486,
      0.2594465
    ],
    [
      0.5411947,
      1.0,
      0.25241256
    ],
    [
      0.5530236,
      1.0,
      0.2453468
    ],
    [
      0.56447667,
      1.0,
      0.23824999
    ],
    [
      0.5755453,
      1.0,
      0.23112324
    ],
    [
      0.5862211,
      1.0,
      0.22396742
    ],
    [
      0.59649557,
      1.0,
      0.21678345
    ],
    [
      0.6063607,
      1.0,
      0.20957223
    ],
    [
      0.61580867,
      1.0,
      0.20233484
    ],
    [
      0.6248323,
      1.0,
      0.19507211
    ],
    [
      0.63342476,
      1.0,
      0.18778512
    ],
    [
      0.6415792,
      1.0,
      0.18047477
    ],
    [
      0.64928937,
      0.9994224,
      0.17314202
    ],
    [
      0.656549,
      0.97579855,
      0.16578783
    ],
    [
      0.66335267,
      0.9487459,
      0.15841317
    ],
    [
      0.66969526,
      0.9183673,
      0.15101896
    ],
    [
      0.6755716,
      0.8847779,
      0.14360629
    ],
    [
      0.6809773,
      0.84810525,
      0.1361761
    ],
    [
      0.68590784,
      0.8084871,
      0.12872931
    ],
    [
      0.6903598,
      0.7660741,
      0.121266894
    ],
    [
      0.6943294,
      0.72102755,
      0.113789946
    ],
    [
      0.6978138,
      0.6735165,
      0.1062994
    ],
    [
      0.70081013,
      0.62372166,
      0.09879621
    ],
    [
      0.70331615,
      0.5718314,
      0.09128141
    ],
    [
      0.70532984,
      0.5180427,
      0.083755866
    ],
    [
      0.7068497,
      0.46255878,
      0.07622076
    ],
    [
      0.7078745,
      0.40558934,
      0.068676904
    ],
    [
      0.70840347,
      0.34735093,
      0.061125472
    ],
    [
      0.70843625,
      0.2880631,
      0.053567365
    ],
    [
      0.7079727,
      0.22795132,
      0.046003588
    ],
    [
      0.7070133,
      0.1672422,
      0.03843505
    ],
    [
      0.7055587,
      0.10616656,
      0.030862916
    ],
    [
      0.70361006,
      0.04495468,
      0.023288101
    ],
    [
      0.7011689,
      0.0,
      0.015711602
    ],
    [
      0.6982372,
      0.0,
      0.008134419
    ],
    [
      0.694817,
      0.0,
      0.00055755116
    ],
    [
      0.69091135,
      0.0,
      0.0
    ],
    [
      0.6865229,
      0.0,
      0.0
    ],
    [
      0.68165517,
      0.0,
      0.0
    ],
    [
      0.67631197,
      0.0,
      0.0
    ],
    [
      0.67049754,
      0.0,
      0.0
    ],
    [
      0.6642163,
      0.0,
      0.0
    ],
    [
      0.65747297,
      0.0,
      0.0
    ],
    [
      0.6502731,
      0.0,
      0.0
    ],
    [
      0.6426222,
      0.0,
      0.0
    ],
    [
      0.634526,
      0.0,
      0.0
    ],
    [
      0.6259909,
      0.0,
      0.0
    ],
    [
      0.61702394,
      0.0,
      0.0
    ],
    [
      0.6076314,
      0.0,
      0.0
    ],
    [
      0.5978209,
      0.0,
      0.0
    ],
    [
      0.5876002,
      0.0,
      0.0
    ],
    [
      0.5769769,
      0.0,
      0.0
    ],
    [
      0.5659594,
      0.0,
      0.0
    ],
    [
      0.55455637,
      0.0,
      0.0
    ],
    [
      0.5427767,
      0.0,
      0.0
    ],
    [
      0.5306293,
      0.0,
      0.0
    ],
    [
      0.5181241,
      0.0,
      0.0
    ],
    [
      0.50526965,
      0.0,
      0.0
    ],
    [
      0.49207756,
      0.0,
      0.0
    ],
    [
      0.47855678,
      0.0,
      0.0
    ],
    [
      0.46471852,
      0.0,
      0.0
    ],
    [
      0.45057312,
      0.0,
      0.0
    ],
    [
      0.43613166,
      0.0,
      0.0
    ],
    [
      0.42140543,
      0.0,
      0.0
    ],
    [
      0.40640587,
      0.0,
      0.0
    ],
    [
      0.3911449,
      0.0,
      0.0
    ],
    [
      0.3756338,
      0.0,
      0.0
    ],
    [
      0.3598855,
      0.0,
      0.0
    ],
    [
      0.34391057,
      0.0,
      0.0
    ],
    [
      0.32772356,
      0.0,
      0.0
    ],
    [
      0.31133544,
      0.0,
      0.0
    ],
    [
      0.29475975,
      0.0,
      0.0
    ],
    [
      0.27800882,
      0.0,
      0.0
    ],
    [
      0.26109588,
      0.0,
      0.0
    ],
    [
      0.24403417,
      0.0,
      0.0
    ],
    [
      0.22683716,
      0.0,
      0.0
    ],
    [
      0.20951763,
      0.0,
      0.0
    ],
    [
      0.19208935,
      0.0,
      0.0
    ],
    [
      0.17456645,
      0.0,
      0.0
    ],
    [
      0.15696132,
      0.0,
      0.0
    ],
    [
      0.13928825,
      0.0,
      0.0
    ],
    [
      0.12156127,
      0.0,
      0.0
    ],
    [
      0.10379353,
      0.03151133,
      0.0
    ],
    [
      0.085999146,
      0.09272246,
      0.0
    ],
    [
      0.06819192,
      0.15384683,
      0.0
    ],
    [
      0.05038602,
      0.21465683,
      0.0
    ],
    [
      0.03259464,
      0.27491933,
      0.0
    ],
    [
      0.014832515,
      0.33440807,
      0.0
    ],
    [
      0.0,
      0.392896,
      0.0
    ],
    [
      0.0,
      0.4501626,
      0.0
    ],
    [
      0.0,
      0.5059909,
      0.0
    ],
    [
      0.0,
      0.56016976,
      0.0
    ],
    [
      0.0,
      0.6124939,
      0.0
    ],
    [
      0.0,
      0.66276604,
      0.0
    ],
    [
      0.0,
      0.7107942,
      0.0
    ],
    [
      0.0,
      0.756398,
      0.0
    ],
    [
      0.0,
      0.7994029,
      0.0
    ],
    [
      0.0,
      0.8396486,
      0.0
    ],
    [
      0.0,
      0.87698084,
      0.0
    ],
    [
      0.0,
      0.9112588,
      0.0
    ],
    [
      0.0,
      0.94235283,
      0.0
    ],
    [
      0.0,
      0.9701456,
      0.0
    ],
    [
      0.0,
