{
  "name": "mutant-3573",
  "global": {
    "speed": 0.20720786,
    "zoom": 2.5045998,
    "trail": 0.34699088,
    "flame_brightness": 0.37282512
  },
  "kifs": {
    "fold_angle": 1.4722663,
    "scale": 1.5806699,
    "brightness": 0.3
  },
  "transforms": [
    {
      "weight": 0.1505501,
      "affine": [
        [
          0.181179,
          0.46602,
          0.0
        ],
        [
          -0.46602,
          0.181179,
          0.0
        ],
        [
          0.0,
          0.0,
          1.0
        ]
      ],
      "offset": [
        -2.0,
        -0.5,
        0.0
      ],
      "color": 0.0,
      "linear": 0.0,
      "sinusoidal": 0.0,
      "spherical": 0.4,
      "swirl": 0.0,
      "horseshoe": 0.0,
      "handkerchief": 0.0,
      "julia": 0.0,
      "polar": 0.0,
      "disc": 0.0,
      "rings": 0.0,
      "bubble": 0.0,
      "fisheye": 0.0,
      "exponential": 0.0,
      "spiral": 0.6,
      "diamond": 0.0,
      "bent": 0.0,
      "waves": 0.0,
      "popcorn": 0.0,
      "fan": 0.0,
      "eyefish": 0.0,
      "cross": 0.0,
      "tangent": 0.0,
      "cosine": 0.0,
      "blob": 0.0,
      "noise": 0.0,
      "curl": 0.0,
      "variation_params": {}
    },
    {
      "weight": 0.48876446,
      "affine": [
        [
          0.2962209,
          0.9854746,
          0.0
        ],
        [
          0.34079096,
          -0.63474727,
          0.0
        ],
        [
          0.0,
          0.0,
          1.3362191
        ]
      ],
      "offset": [
        0.07892847,
        -0.64157426,
        0.0
      ],
      "color": 0.33333334,
      "linear": 0.0,
      "sinusoidal": 0.0,
      "spherical": 0.0,
      "swirl": 0.0,
      "horseshoe": 0.0,
      "handkerchief": 0.0,
      "julia": 0.0,
      "polar": 0.0,
      "disc": 0.0,
      "rings": 0.0,
      "bubble": 0.0,
      "fisheye": 0.0,
      "exponential": 0.0,
      "spiral": 0.0,
      "diamond": 1.0,
      "bent": 0.0,
      "waves": 0.0,
      "popcorn": 0.0,
      "fan": 0.0,
      "eyefish": 0.0,
      "cross": 0.0,
      "tangent": 0.0,
      "cosine": 0.0,
      "blob": 0.0,
      "noise": 0.0,
      "curl": 0.0,
      "variation_params": {}
    },
    {
      "weight": 0.36068544,
      "affine": [
        [
          0.5313293,
          0.0,
          0.0
        ],
        [
          0.0,
          0.5313293,
          0.0
        ],
        [
          0.0,
          0.0,
          1.0626585
        ]
      ],
      "offset": [
        -0.5,
        0.0,
        0.0
      ],
      "color": 0.6666667,
      "linear": 1.0,
      "sinusoidal": 0.0,
      "spherical": 0.0,
      "swirl": 0.0,
      "horseshoe": 0.0,
      "handkerchief": 0.0,
      "julia": 0.0,
      "polar": 0.0,
      "disc": 0.0,
      "rings": 0.0,
      "bubble": 0.0,
      "fisheye": 0.0,
      "exponential": 0.0,
      "spiral": 0.0,
      "diamond": 0.0,
      "bent": 0.0,
      "waves": 0.0,
      "popcorn": 0.0,
      "fan": 0.0,
      "eyefish": 0.0,
      "cross": 0.0,
      "tangent": 0.0,
      "cosine": 0.0,
      "blob": 0.0,
      "noise": 0.0,
      "curl": 0.0,
      "variation_params": {}
    }
  ],
  "final_transform": null,
  "symmetry": -2,
  "palette": [
    [
      0.34419876,
      0.2816313,
      0.0
    ],
    [
      0.33589202,
      0.30250978,
      0.0
    ],
    [
      0.32757708,
      0.32374924,
      0.0
    ],
    [
      0.319257,
      0.34529677,
      0.0
    ],
    [
      0.31093463,
      0.36709931,
      0.0
    ],
    [
      0.30261302,
      0.3891026,
      0.0
    ],
    [
      0.29429507,
      0.41125184,
      0.0
    ],
    [
      0.28598365,
      0.43349248,
      0.0
    ],
    [
      0.27768192,
      0.45576915,
      0.0
    ],
    [
      0.26939276,
      0.4780264,
      0.0
    ],
    [
      0.26111907,
      0.50020945,
      0.0
    ],
    [
      0.2528638,
      0.522263,
      0.0
    ],
    [
      0.24462989,
      0.5441321,
      0.0
    ],
    [
      0.23642029,
      0.56576306,
      0.0
    ],
    [
      0.2282379,
      0.58710194,
      0.0
    ],
    [
      0.2200856,
      0.6080955,
      0.0
    ],
    [
      0.21196623,
      0.62869227,
      0.0
    ],
    [
      0.20388286,
      0.64884084,
      0.0
    ],
    [
      0.19583827,
      0.668491,
      0.0
    ],
    [
      0.18783529,
      0.6875944,
      0.0
    ],
    [
      0.1798768,
      0.7061035,
      0.0
    ],
    [
      0.17196563,
      0.7239722,
      0.0
    ],
    [
      0.16410455,
      0.7411566,
      0.0
    ],
    [
      0.1562964,
      0.75761366,
      0.0
    ],
    [
      0.14854392,
      0.7733027,
      0.0
    ],
    [
      0.1408499,
      0.7881849,
      0.0
    ],
    [
      0.13321705,
      0.8022232,
      0.0
    ],
    [
      0.12564805,
      0.8153828,
      0.0
    ],
    [
      0.118145674,
      0.8276311,
      0.0
    ],
    [
      0.11071254,
      0.83893776,
      0.0
    ],
    [
      0.103351295,
      0.8492746,
      0.0
    ],
    [
      0.09606446,
      0.8586161,
      0.0
    ],
    [
      0.088854834,
      0.866939,
      0.0037151873
    ],
    [
      0.08172484,
      0.87422264,
      0.009512186
    ],
    [
      0.074677065,
      0.8804491,
      0.015433848
    ],
    [
      0.067713976,
      0.88560283,
      0.021477818
    ],
    [
      0.060838044,
      0.88967097,
      0.027641416
    ],
    [
      0.054051757,
      0.8926436,
      0.033922195
    ],
    [
      0.04735741,
      0.89451313,
      0.040317506
    ],
    [
      0.040757537,
      0.8952752,
      0.046824574
    ],
    [
      0.034254402,
      0.8949276,
      0.05344072
    ],
    [
      0.02785039,
      0.8934715,
      0.0601632
    ],
    [
      0.021547675,
      0.89091027,
      0.0669892
    ],
    [
      0.015348554,
      0.8872504,
      0.07391584
    ],
    [
      0.009255201,
      0.88250095,
      0.08094022
    ],
    [
      0.0032698512,
      0.8766737,
      0.088059425
    ],
    [
      0.0,
      0.86978304,
      0.095270455
    ],
    [
      0.0,
      0.8618461,
      0.102570295
    ],
    [
      0.0,
      0.8528827,
      0.109956056
    ],
    [
      0.0,
      0.8429148,
      0.117424294
    ],
    [
      0.0,
      0.83196735,
      0.124972075
    ],
    [
      0.0,
      0.8200675,
      0.13259624
    ],
    [
      0.0,
      0.80724466,
      0.14029358
    ],
    [
      0.0,
      0.79353064,
      0.14806089
    ],
    [
      0.0,
      0.7789597,
      0.15589489
    ],
    [
      0.0,
      0.76356757,
      0.16379234
    ],
    [
      0.0,
      0.7473927,
      0.17174989
    ],
    [
      0.0,
      0.7304752,
      0.17976424
    ],
    [
      0.0,
      0.7128571,
      0.18783203
    ],
    [
      0.0,
      0.694582,
      0.19594988
    ],
    [
      0.0,
      0.6756951,
      0.20411438
    ],
    [
      0.0,
      0.6562437,
      0.21232212
    ],
    [
      0.0,
      0.6362755,
      0.22056986
    ],
    [
      0.0,
      0.6158403,
      0.22885376
    ],
    [
      0.0,
      0.5949886,
      0.23717055
    ],
    [
      0.0,
      0.5737729,
      0.24551673
    ],
    [
      0.0,
      0.55224466,
      0.25388882
    ],
    [
      0.0,
      0.53045845,
      0.26228333
    ],
    [
      0.0,
      0.50846714,
      0.2706967
    ],
    [
      0.0,
      0.48632625,
      0.27912545
    ],
    [
      0.0,
      0.46408996,
      0.28756604
    ],
    [
      0.0,
      0.4418144,
      0.29601493
    ],
    [
      0.0,
      0.4195536,
      0.30446857
    ],
    [
      0.0,
      0.39736408,
      0.31292346
    ],
    [
      0.0,
      0.37529957,
      0.32137603
    ],
    [
      0.0,
      0.35341588,
      0.32982275
    ],
    [
      0.0,
      0.33176643,
      0.33826026
    ],
    [
      0.0,
      0.3104062,
      0.34668466
    ],
    [
      0.0,
      0.28938615,
      0.3550926
    ],
    [
      0.0,
      0.2687608,
      0.3634806
