{
  "name": "mutant-5155",
  "global": {
    "speed": 0.24285847,
    "zoom": 1.4899166,
    "trail": 0.30628443,
    "flame_brightness": 0.3570012
  },
  "kifs": {
    "fold_angle": 1.4722663,
    "scale": 1.5806699,
    "brightness": 0.3
  },
  "transforms": [
    {
      "weight": 0.27967864,
      "affine": [
        [
          0.3477791,
          0.18988429,
          0.0
        ],
        [
          0.76344883,
          -1.1597123,
          0.0
        ],
        [
          0.0,
          0.0,
          1.2766951
        ]
      ],
      "offset": [
        0.93161285,
        0.568887,
        0.0
      ],
      "color": 0.0,
      "linear": 0.0,
      "sinusoidal": 0.0,
      "spherical": 1.0,
      "swirl": 0.0,
      "horseshoe": 0.0,
      "handkerchief": 0.0,
      "julia": 0.0,
      "polar": 0.0,
      "disc": 0.0,
      "rings": 0.0,
      "bubble": 0.0,
      "fisheye": 0.0,
      "exponential": 0.0,
      "spiral": 0.0,
      "diamond": 0.0,
      "bent": 0.0,
      "waves": 0.0,
      "popcorn": 0.0,
      "fan": 0.0,
      "eyefish": 0.0,
      "cross": 0.0,
      "tangent": 0.0,
      "cosine": 0.0,
      "blob": 0.0,
      "noise": 0.0,
      "curl": 0.0,
      "variation_params": {}
    },
    {
      "weight": 0.51515955,
      "affine": [
        [
          -0.9229024,
          0.509937,
          0.0
        ],
        [
          -0.13031748,
          -0.087753944,
          0.0
        ],
        [
          0.0,
          0.0,
          1.3564655
        ]
      ],
      "offset": [
        0.575071,
        0.3482231,
        0.0
      ],
      "color": 0.33333334,
      "linear": 0.0,
      "sinusoidal": 0.0,
      "spherical": 0.0,
      "swirl": 0.0,
      "horseshoe": 0.0,
      "handkerchief": 0.0,
      "julia": 0.0,
      "polar": 0.0,
      "disc": 0.0,
      "rings": 0.0,
      "bubble": 0.0,
      "fisheye": 0.0,
      "exponential": 0.0,
      "spiral": 1.0,
      "diamond": 0.0,
      "bent": 0.0,
      "waves": 0.0,
      "popcorn": 0.0,
      "fan": 0.0,
      "eyefish": 0.0,
      "cross": 0.0,
      "tangent": 0.0,
      "cosine": 0.0,
      "blob": 0.0,
      "noise": 0.0,
      "curl": 0.0,
      "variation_params": {}
    },
    {
      "weight": 0.20516184,
      "affine": [
        [
          -1.1156667,
          -0.82444656,
          0.0
        ],
        [
          -0.90290415,
          -0.87965995,
          0.0
        ],
        [
          0.35657573,
          0.0,
          1.2144995
        ]
      ],
      "offset": [
        0.7289628,
        -0.25938463,
        0.0
      ],
      "color": 0.6666667,
      "linear": 0.0,
      "sinusoidal": 0.0,
      "spherical": 0.0,
      "swirl": 0.0,
      "horseshoe": 0.0,
      "handkerchief": 0.0,
      "julia": 0.0,
      "polar": 0.0,
      "disc": 0.0,
      "rings": 0.0,
      "bubble": 0.0,
      "fisheye": 0.0,
      "exponential": 0.0,
      "spiral": 0.0,
      "diamond": 0.0,
      "bent": 0.0,
      "waves": 1.0,
      "popcorn": 0.0,
      "fan": 0.0,
      "eyefish": 0.0,
      "cross": 0.0,
      "tangent": 0.0,
      "cosine": 0.0,
      "blob": 0.0,
      "noise": 0.0,
      "curl": 0.0,
      "variation_params": {}
    }
  ],
  "final_transform": null,
  "symmetry": 6,
  "palette": [
    [
      0.8405782,
      0.0,
      0.17142066
    ],
    [
      0.8242268,
      0.0,
      0.18062866
    ],
    [
      0.8057945,
      0.0,
      0.18981516
    ],
    [
      0.7853282,
      0.0,
      0.19897881
    ],
    [
      0.76287997,
      0.0,
      0.20811737
    ],
    [
      0.73850685,
      0.0,
      0.21722858
    ],
    [
      0.7122709,
      0.0,
      0.2263108
    ],
    [
      0.68423873,
      0.0,
      0.2353624
    ],
    [
      0.6544817,
      0.0,
      0.24438088
    ],
    [
      0.6230755,
      0.0,
      0.25336486
    ],
    [
      0.5900999,
      0.0,
      0.26231217
    ],
    [
      0.5556388,
      0.0,
      0.27122062
    ],
    [
      0.5197798,
      0.0,
      0.2800886
    ],
    [
      0.48261422,
      0.0,
      0.2889142
    ],
    [
      0.4442364,
      0.0,
      0.29769585
    ],
    [
      0.4047439,
      0.0,
      0.30643138
    ],
    [
      0.36423734,
      0.0,
      0.31511867
    ],
    [
      0.32281974,
      0.0,
      0.3237564
    ],
    [
      0.2805962,
      0.0,
      0.3323422
    ],
    [
      0.23767419,
      0.0,
      0.34087455
    ],
    [
      0.194163,
      0.0,
      0.34935182
    ],
    [
      0.15017292,
      0.0,
      0.357772
    ],
    [
      0.10581625,
      0.0,
      0.36613303
    ],
    [
      0.06120548,
      0.0,
      0.37443334
    ],
    [
      0.016454142,
      0.0,
      0.38267154
    ],
    [
      0.0,
      0.010330049,
      0.39084518
    ],
    [
      0.0,
      0.025925547,
      0.3989532
    ],
    [
      0.0,
      0.041512355,
      0.40699357
    ],
    [
      0.0,
      0.057079688,
      0.41496426
    ],
    [
      0.0,
      0.07261647,
      0.42286396
    ],
    [
      0.0,
      0.08811337,
      0.43069112
    ],
    [
      0.0,
      0.10355939,
      0.43844354
    ],
    [
      0.0,
      0.11894381,
      0.4461202
    ],
    [
      0.0,
      0.13425656,
      0.45371914
    ],
    [
      0.0,
      0.14948758,
      0.4612385
    ],
    [
      0.0,
      0.16462635,
      0.46867698
    ],
    [
      0.0,
      0.17966235,
      0.47603315
    ],
    [
      0.0,
      0.19458601,
      0.48330504
    ],
    [
      0.0,
      0.20938702,
      0.49049157
    ],
    [
      0.0,
      0.22405483,
      0.4975909
    ],
    [
      0.0,
      0.23858064,
      0.50460136
    ],
    [
      0.0,
      0.25295416,
      0.5115217
    ],
    [
      0.0,
      0.26716536,
      0.51835036
    ],
    [
      0.0,
      0.28120497,
      0.5250862
    ],
    [
      0.0,
      0.2950638,
      0.53172755
    ],
    [
      0.0,
      0.30873218,
      0.5382727
    ],
    [
      0.0,
      0.32220075,
      0.54472077
    ],
    [
      0.0,
      0.33546084,
      0.55107
    ],
    [
      0.0,
      0.34850305,
      0.55731905
    ],
    [
      0.0,
      0.36131883,
      0.563467
    ],
    [
      0.0,
      0.3738998,
      0.5695123
    ],
    [
      0.0,
      0.38623694,
      0.5754534
    ],
    [
      0.0,
      0.3983225,
      0.58128947
    ],
    [
      0.0,
      0.4101478,
      0.58701885
    ],
    [
      0.0,
      0.4217053,
      0.5926406
    ],
    [
      0.0,
      0.43298706,
      0.59815353
    ],
    [
      0.0,
      0.44398504,
      0.60355633
    ],
    [
      0.0,
      0.45469263,
      0.60884804
    ],
    [
      0.0,
      0.4651022,
      0.61402744
    ],
    [
      0.0,
      0.47520655,
      0.6190932
    ],
    [
      0.0,
      0.48499906,
      0.6240444
    ],
    [
      0.0,
      0.4944733,
      0.62888026
    ],
    [
      0.0,
      0.5036227,
      0.63359934
    ],
    [
      0.0,
      0.512441,
      0.63820094
    ],
    [
      0.0,
      0.5209224,
      0.642684
    ],
    [
      0.0,
      0.52906126,
      0.64704716
    ],
    [
      0.0,
      0.53685164,
      0.6512901
    ],
    [
      0.0,
      0.5442889,
      0.6554118
    ],
    [
      0.0,
      0.5513677,
      0.659411
    ],
    [
      0.0,
      0.55808324,
      0.6632873
    ],
    [
      0.0,
      0.5644311,
      0.6670395
    ],
    [
      0.0,
      0.57040703,
      0.670667
    ],
    [
      0.0,
      0.576007,
      0.6741691
    ],
    [
      0.0,
      0.58122706,
      0.67754495
    ],
    [
      0.0,
      0.58606386,
      0.68079376
    ],
    [
      0.0,
      0.59051406,
      0.683915
    ],
    [
      0.0,
      0.59457463,
      0.68690777
    ],
    [
      0.0,
      0.59824294,
      0.68977165
    ],
    [
      0.0,
      0.60151654,
      0.692506
    ],
    [
      0.0,
      0.6043931,
      0.69511026
    ],
    [
      0.0,
      0.6068707,
      0.69758373
    ],
    [
