{
  "name": "mutant-4167",
  "global": {
    "speed": 0.2420546,
    "zoom": 1.0,
    "trail": 0.31917685,
    "flame_brightness": 0.32695603
  },
  "kifs": {
    "fold_angle": 1.4722663,
    "scale": 1.5806699,
    "brightness": 0.3
  },
  "transforms": [
    {
      "weight": 0.26061034,
      "affine": [
        [
          -0.681206,
          0.20769,
          0.0
        ],
        [
          -0.0779465,
          0.755065,
          0.0
        ],
        [
          0.0,
          0.0,
          1.0
        ]
      ],
      "offset": [
        -0.0416126,
        -0.262334,
        0.0
      ],
      "color": 0.0,
      "linear": 0.0,
      "sinusoidal": 0.0,
      "spherical": 1.0,
      "swirl": 0.0,
      "horseshoe": 0.0,
      "handkerchief": 0.0,
      "julia": 0.0,
      "polar": 0.0,
      "disc": 0.0,
      "rings": 0.0,
      "bubble": 0.0,
      "fisheye": 0.0,
      "exponential": 0.0,
      "spiral": 0.0,
      "diamond": 0.0,
      "bent": 0.0,
      "waves": 0.0,
      "popcorn": 0.0,
      "fan": 0.0,
      "eyefish": 0.0,
      "cross": 0.0,
      "tangent": 0.0,
      "cosine": 0.0,
      "blob": 0.0,
      "noise": 0.0,
      "curl": 0.0,
      "variation_params": {}
    },
    {
      "weight": 0.30545565,
      "affine": [
        [
          0.4896285,
          -0.6314482,
          0.0
        ],
        [
          -0.21627092,
          -1.0214173,
          0.0
        ],
        [
          0.0,
          0.0,
          1.0994551
        ]
      ],
      "offset": [
        0.5738596,
        0.81687856,
        0.0
      ],
      "color": 0.33333334,
      "linear": 0.0,
      "sinusoidal": 0.0,
      "spherical": 0.0,
      "swirl": 0.0,
      "horseshoe": 0.0,
      "handkerchief": 0.0,
      "julia": 0.0,
      "polar": 0.0,
      "disc": 0.0,
      "rings": 0.0,
      "bubble": 0.0,
      "fisheye": 0.0,
      "exponential": 0.0,
      "spiral": 0.0,
      "diamond": 0.0,
      "bent": 0.0,
      "waves": 1.0,
      "popcorn": 0.0,
      "fan": 0.0,
      "eyefish": 0.0,
      "cross": 0.0,
      "tangent": 0.0,
      "cosine": 0.0,
      "blob": 0.0,
      "noise": 0.0,
      "curl": 0.0,
      "variation_params": {}
    },
    {
      "weight": 0.43393397,
      "affine": [
        [
          0.17490128,
          -0.0037208379,
          0.0
        ],
        [
          0.996639,
          0.52676016,
          0.0
        ],
        [
          0.0,
          0.0,
          2.0868256
        ]
      ],
      "offset": [
        -0.5576706,
        0.53835845,
        0.0
      ],
      "color": 0.6666667,
      "linear": 0.0,
      "sinusoidal": 0.0,
      "spherical": 0.0,
      "swirl": 0.0,
      "horseshoe": 0.0,
      "handkerchief": 0.0,
      "julia": 0.0,
      "polar": 0.0,
      "disc": 0.0,
      "rings": 0.0,
      "bubble": 0.0,
      "fisheye": 0.0,
      "exponential": 0.0,
      "spiral": 0.0,
      "diamond": 1.0,
      "bent": 0.0,
      "waves": 0.0,
      "popcorn": 0.0,
      "fan": 0.0,
      "eyefish": 0.0,
      "cross": 0.0,
      "tangent": 0.0,
      "cosine": 0.0,
      "blob": 0.0,
      "noise": 0.0,
      "curl": 0.0,
      "variation_params": {}
    }
  ],
  "final_transform": null,
  "symmetry": 1,
  "palette": [
    [
      0.04835598,
      0.0,
      0.43556955
    ],
    [
      0.060548306,
      0.0,
      0.41989323
    ],
    [
      0.07298581,
      0.0,
      0.40392172
    ],
    [
      0.085650384,
      0.0,
      0.38767004
    ],
    [
      0.09852353,
      0.0,
      0.37115338
    ],
    [
      0.111586496,
      0.002431944,
      0.3543872
    ],
    [
      0.124820046,
      0.005183175,
      0.33738717
    ],
    [
      0.13820508,
      0.007946804,
      0.32016918
    ],
    [
      0.15172222,
      0.010722682,
      0.30274945
    ],
    [
      0.1653516,
      0.013510615,
      0.28514427
    ],
    [
      0.17907333,
      0.016310439,
      0.2673701
    ],
    [
      0.19286743,
      0.01912199,
      0.24944359
    ],
    [
      0.20671375,
      0.021945074,
      0.23138154
    ],
    [
      0.22059196,
      0.024779513,
      0.21320073
    ],
    [
      0.23448215,
      0.027625158,
      0.1949184
    ],
    [
      0.2483639,
      0.0304818,
      0.17655152
    ],
    [
      0.26221696,
      0.03334926,
      0.15811737
    ],
    [
      0.27602112,
      0.03622757,
      0.13963315
    ],
    [
      0.2897563,
      0.03911616,
      0.121116206
    ],
    [
      0.3034024,
      0.042015046,
      0.10258385
    ],
    [
      0.31693938,
      0.04492405,
      0.08405344
    ],
    [
      0.33034772,
      0.04784298,
      0.06554233
    ],
    [
      0.34360796,
      0.050771818,
      0.047067862
    ],
    [
      0.3567006,
      0.05371006,
      0.028647184
    ],
    [
      0.3696066,
      0.056657672,
      0.0102979615
    ],
    [
      0.38230714,
      0.05961448,
      0.0
    ],
    [
      0.39478368,
      0.06258032,
      0.0
    ],
    [
      0.40701783,
      0.06555495,
      0.0
    ],
    [
      0.4189921,
      0.06853823,
      0.0
    ],
    [
      0.4306889,
      0.07152997,
      0.0
    ],
    [
      0.4420911,
      0.07452999,
      0.0
    ],
    [
      0.453182,
      0.07753807,
      0.0
    ],
    [
      0.46394584,
      0.08055405,
      0.0
    ],
    [
      0.47436637,
      0.08357774,
      0.0
    ],
    [
      0.48442873,
      0.086608924,
      0.0
    ],
    [
      0.49411806,
      0.08964744,
      0.0
    ],
    [
      0.5034205,
      0.09269309,
      0.0
    ],
    [
      0.5123223,
      0.09574568,
      0.0
    ],
    [
      0.5208105,
      0.09880504,
      0.0
    ],
    [
      0.5288727,
      0.10187095,
      0.0
    ],
    [
      0.53649724,
      0.10494324,
      0.0
    ],
    [
      0.5436728,
      0.1080217,
      0.0
    ],
    [
      0.5503891,
      0.11110615,
      0.0
    ],
    [
      0.55663645,
      0.1141964,
      0.0
    ],
    [
      0.5624054,
      0.11729224,
      0.0
    ],
    [
      0.56768787,
      0.12039368,
      0.0
    ],
    [
      0.5724759,
      0.123500146,
      0.0
    ],
    [
      0.5767627,
      0.12661164,
      0.0
    ],
    [
      0.58054185,
      0.12972794,
      0.0
    ],
    [
      0.58380795,
      0.13284889,
      0.0
    ],
    [
      0.5865563,
      0.13597427,
      0.0
    ],
    [
      0.5887828,
      0.13910389,
      0.0
    ],
    [
      0.5904841,
      0.14223756,
      0.0
    ],
    [
      0.5916579,
      0.14537507,
      0.0
    ],
    [
      0.5923024,
      0.14851625,
      0.0
    ],
    [
      0.5924167,
      0.15166087,
      0.0
    ],
    [
      0.5920006,
      0.15480876,
      0.0
    ],
    [
      0.5910547,
      0.15795971,
      0.0
    ],
    [
      0.5895804,
      0.16111353,
      0.0
    ],
    [
      0.5875799,
      0.16427003,
      0.0
    ],
    [
      0.58505607,
      0.16742899,
      0.0
    ],
    [
      0.5820125,
      0.17059042,
      0.0
    ],
    [
      0.5784538,
      0.17375374,
      0.0
    ],
    [
      0.574385,
      0.17691894,
      0.0
    ],
    [
      0.5698122,
      0.18008582,
      0.0
    ],
    [
      0.56474185,
      0.18325418,
      0.0
    ],
    [
      0.55918145,
      0.18642384,
      0.0
    ],
    [
      0.5531392,
      0.18959458,
      0.0
    ],
    [
      0.54662395,
      0.19276622,
      0.0
    ],
    [
      0.53964496,
      0.19593854,
      0.0
    ],
    [
      0.5322126,
      0.19911137,
      0.0
    ],
    [
      0.52433753,
      0.2022845,
      0.0
    ],
    [
      0.5160315,
      0.20545772,
      0.0
    ],
    [
      0.5073062,
      0.20863102,
      0.0
    ],
    [
      0.4981749,
      0.21180385,
      0.0
    ],
    [
      0.48865065,
      0.21497618,
      0.0
    ],
    [
      0.4787472,
      0.2181478,
      0.0
    ],
    [
      0.46847898,
      0.22131854,
      0.0
    ],
    [
      0.45786136,
