{
  "name": "mutant-7917",
  "global": {
    "speed": 0.2527931,
    "zoom": 1.1380975,
    "trail": 0.32554668,
    "flame_brightness": 0.3022211
  },
  "kifs": {
    "fold_angle": 1.4722663,
    "scale": 1.5806699,
    "brightness": 0.3
  },
  "transforms": [
    {
      "weight": 0.28092316,
      "affine": [
        [
          0.55780745,
          -0.29155064,
          0.0
        ],
        [
          -0.72765577,
          -0.84821737,
          0.0
        ],
        [
          0.0,
          0.0,
          1.0
        ]
      ],
      "offset": [
        -0.7929878,
        -0.50296354,
        0.0
      ],
      "color": 0.0,
      "linear": 0.0,
      "sinusoidal": 0.0,
      "spherical": 0.0,
      "swirl": 0.0,
      "horseshoe": 0.0,
      "handkerchief": 0.0,
      "julia": 0.0,
      "polar": 1.0,
      "disc": 0.0,
      "rings": 0.0,
      "bubble": 0.0,
      "fisheye": 0.0,
      "exponential": 0.0,
      "spiral": 0.0,
      "diamond": 0.0,
      "bent": 0.0,
      "waves": 0.0,
      "popcorn": 0.0,
      "fan": 0.0,
      "eyefish": 0.0,
      "cross": 0.0,
      "tangent": 0.0,
      "cosine": 0.0,
      "blob": 0.0,
      "noise": 0.0,
      "curl": 0.0,
      "variation_params": {}
    },
    {
      "weight": 0.4944019,
      "affine": [
        [
          -0.6817484,
          -1.6969721,
          0.0
        ],
        [
          0.42854792,
          0.85966545,
          0.0
        ],
        [
          0.0,
          0.0,
          1.416849
        ]
      ],
      "offset": [
        -0.5917425,
        -0.8226539,
        0.0
      ],
      "color": 0.33333334,
      "linear": 0.0,
      "sinusoidal": 0.0,
      "spherical": 0.0,
      "swirl": 0.0,
      "horseshoe": 0.0,
      "handkerchief": 0.0,
      "julia": 0.0,
      "polar": 0.0,
      "disc": 0.0,
      "rings": 0.0,
      "bubble": 0.0,
      "fisheye": 0.0,
      "exponential": 0.0,
      "spiral": 0.0,
      "diamond": 0.0,
      "bent": 0.0,
      "waves": 0.0,
      "popcorn": 0.0,
      "fan": 0.0,
      "eyefish": 1.0,
      "cross": 0.0,
      "tangent": 0.0,
      "cosine": 0.0,
      "blob": 0.0,
      "noise": 0.0,
      "curl": 0.0,
      "variation_params": {}
    },
    {
      "weight": 0.22467494,
      "affine": [
        [
          -0.9746247,
          -0.7202204,
          0.0
        ],
        [
          -0.7887594,
          -0.7684538,
          0.0
        ],
        [
          0.0,
          0.0,
          1.1057456
        ]
      ],
      "offset": [
        0.7289628,
        -0.25938463,
        0.0
      ],
      "color": 0.6666667,
      "linear": 0.0,
      "sinusoidal": 0.0,
      "spherical": 0.0,
      "swirl": 0.0,
      "horseshoe": 0.0,
      "handkerchief": 0.0,
      "julia": 0.0,
      "polar": 0.0,
      "disc": 0.0,
      "rings": 0.0,
      "bubble": 0.0,
      "fisheye": 0.0,
      "exponential": 0.0,
      "spiral": 0.0,
      "diamond": 0.0,
      "bent": 0.0,
      "waves": 1.0,
      "popcorn": 0.0,
      "fan": 0.0,
      "eyefish": 0.0,
      "cross": 0.0,
      "tangent": 0.0,
      "cosine": 0.0,
      "blob": 0.0,
      "noise": 0.0,
      "curl": 0.0,
      "variation_params": {}
    }
  ],
  "final_transform": null,
  "symmetry": 1,
  "palette": [
    [
      0.0,
      0.52322996,
      0.0
    ],
    [
      0.0,
      0.5325305,
      0.0
    ],
    [
      0.0,
      0.5410687,
      0.0
    ],
    [
      0.0,
      0.5488318,
      0.0
    ],
    [
      0.0,
      0.5558087,
      0.0
    ],
    [
      0.0,
      0.5619892,
      0.0
    ],
    [
      0.0,
      0.56736404,
      0.0
    ],
    [
      0.0,
      0.57192534,
      0.0
    ],
    [
      0.0,
      0.57566655,
      0.0
    ],
    [
      0.0,
      0.57858205,
      0.0
    ],
    [
      0.0,
      0.58066756,
      0.0
    ],
    [
      0.0,
      0.5819201,
      0.0
    ],
    [
      0.0,
      0.5823378,
      0.0
    ],
    [
      0.0,
      0.58192,
      0.0
    ],
    [
      0.0,
      0.58066744,
      0.0
    ],
    [
      0.0,
      0.5785818,
      0.0
    ],
    [
      0.0,
      0.5756662,
      0.0
    ],
    [
      0.0,
      0.57192504,
      0.0
    ],
    [
      0.0,
      0.56736356,
      0.0
    ],
    [
      0.0,
      0.56198865,
      0.0
    ],
    [
      0.0,
      0.5558083,
      0.0
    ],
    [
      0.0,
      0.5488312,
      0.0
    ],
    [
      0.0,
      0.5410679,
      0.0
    ],
    [
      0.0,
      0.5325298,
      0.0
    ],
    [
      0.0,
      0.5232292,
      0.0
    ],
    [
      0.0,
      0.5131798,
      0.0
    ],
    [
      0.0,
      0.5023965,
      0.0
    ],
    [
      0.0,
      0.49089515,
      0.0
    ],
    [
      0.0,
      0.47869244,
      0.0
    ],
    [
      0.0,
      0.4658067,
      0.0
    ],
    [
      0.0,
      0.45225614,
      0.0
    ],
    [
      0.0,
      0.43806106,
      0.0
    ],
    [
      0.0,
      0.42324206,
      0.0
    ],
    [
      0.0,
      0.4078216,
      0.0
    ],
    [
      0.0,
      0.39182138,
      0.0
    ],
    [
      0.0,
      0.37526557,
      0.0
    ],
    [
      0.0,
      0.3581779,
      0.0
    ],
    [
      0.0,
      0.34058377,
      0.0
    ],
    [
      0.0,
      0.3225089,
      0.0
    ],
    [
      0.0,
      0.30398017,
      0.0
    ],
    [
      0.0,
      0.2850242,
      0.0
    ],
    [
      0.0,
      0.26566905,
      0.0
    ],
    [
      0.0,
      0.24594368,
      0.0
    ],
    [
      0.0,
      0.22587602,
      0.0
    ],
    [
      0.0,
      0.205496,
      0.0
    ],
    [
      0.0,
      0.18483378,
      0.0
    ],
    [
      0.0,
      0.16391918,
      0.0
    ],
    [
      0.0,
      0.14278345,
      0.0
    ],
    [
      0.0,
      0.12145702,
      0.0
    ],
    [
      0.0,
      0.09997148,
      0.0
    ],
    [
      0.0,
      0.078358345,
      0.01442977
    ],
    [
      0.0,
      0.056649886,
      0.040492546
    ],
    [
      0.0,
      0.034876876,
      0.06652358
    ],
    [
      0.0,
      0.01307208,
      0.09247852
    ],
    [
      0.0,
      0.0,
      0.11831285
    ],
    [
      0.0,
      0.0,
      0.14398341
    ],
    [
      0.0,
      0.0,
      0.1694453
    ],
    [
      0.0,
      0.0,
      0.19465604
    ],
    [
      0.0,
      0.0,
      0.21957263
    ],
    [
      0.0,
      0.0,
      0.24415177
    ],
    [
      0.0,
      0.0,
      0.26835242
    ],
    [
      0.0,
      0.0,
      0.2921331
    ],
    [
      0.0,
      0.0,
      0.31545293
    ],
    [
      0.0,
      0.0,
      0.3382731
    ],
    [
      0.0,
      0.0,
      0.36055386
    ],
    [
      0.0,
      0.0,
      0.38225746
    ],
    [
      0.0,
      0.0,
      0.4033468
    ],
    [
      0.0,
      0.0,
      0.42378655
    ],
    [
      0.0,
      0.0,
      0.44354126
    ],
    [
      0.0,
      0.0,
      0.46257722
    ],
    [
      0.0,
      0.0,
      0.48086265
    ],
    [
      0.0,
      0.0,
      0.49836555
    ],
    [
      0.0,
      0.0,
      0.5150568
    ],
    [
      0.0,
      0.0,
      0.53090763
    ],
    [
      0.0,
      0.0,
      0.5458909
    ],
    [
      0.0,
      0.0,
      0.55998164
    ],
    [
      0.0,
      0.0,
      0.5731553
    ],
    [
      0.0,
      0.0,
      0.58538955
    ],
    [
      0.0,
      0.0,
      0.5966635
    ],
    [
      0.0,
      0.0,
      0.60695815
    ],
    [
      0.0,
      0.0,
      0.6162558
    ],
    [
      0.0,
      0.0,
      0.6245407
    ],
    [
      0.0,
      0.0,
      0.6317986
    ],
    [
      0.0,
      0.0,
      0.63801724
    ],
    [
      0.0,
      0.0,
      0.6431861
    ],
    [
      0.0,
      0.0,
      0.64729625
    ],
    [
      0.0,
      0.0,
      0.6503406
    ],
    [
      0.0,
      0.0,
      0.6523141
    ],
    [
      0.0,
      0.0,
      0.6532134
    ],
    [
      0.0,
      0.0,
      0.6530369
    ],
    [
      0.0,
      0.0,
      0.65178496
    ],
    [
