{
  "name": "mutant-9012",
  "global": {
    "speed": 0.19378144,
    "zoom": 0.0,
    "trail": 0.30985236,
    "flame_brightness": 0.4456828
  },
  "kifs": {
    "fold_angle": 1.4722663,
    "scale": 1.5806699,
    "brightness": 0.3
  },
  "transforms": [
    {
      "weight": 1.0,
      "affine": [
        [
          -0.13297477,
          0.58904743,
          0.0
        ],
        [
          0.39099395,
          0.04306681,
          0.0
        ],
        [
          0.0,
          0.0,
          0.84731114
        ]
      ],
      "offset": [
        0.054868698,
        -0.115749836,
        0.0
      ],
      "color": 0.0,
      "linear": 0.0,
      "sinusoidal": 0.0,
      "spherical": 0.0,
      "swirl": 0.0,
      "horseshoe": 0.0,
      "handkerchief": 0.0,
      "julia": 0.0,
      "polar": 0.0,
      "disc": 1.0,
      "rings": 0.0,
      "bubble": 0.0,
      "fisheye": 0.0,
      "exponential": 0.0,
      "spiral": 0.0,
      "diamond": 0.0,
      "bent": 0.0,
      "waves": 0.0,
      "popcorn": 0.0,
      "fan": 0.0,
      "eyefish": 0.0,
      "cross": 0.0,
      "tangent": 0.0,
      "cosine": 0.0,
      "blob": 0.0,
      "noise": 0.0,
      "curl": 0.0,
      "variation_params": {}
    }
  ],
  "final_transform": null,
  "symmetry": 1,
  "palette": [
    [
      0.60361487,
      0.5486709,
      0.5216604
    ],
    [
      0.5996685,
      0.58358514,
      0.52400523
    ],
    [
      0.5954876,
      0.61659753,
      0.52600884
    ],
    [
      0.59107417,
      0.6475856,
      0.52766985
    ],
    [
      0.5864302,
      0.6764342,
      0.5289872
    ],
    [
      0.58155775,
      0.7030365,
      0.52996004
    ],
    [
      0.57645905,
      0.7272935,
      0.53058773
    ],
    [
      0.57113653,
      0.74911577,
      0.5308698
    ],
    [
      0.56559247,
      0.7684217,
      0.53080606
    ],
    [
      0.55982953,
      0.78513974,
      0.53039664
    ],
    [
      0.55385023,
      0.79920816,
      0.52964175
    ],
    [
      0.54765743,
      0.8105746,
      0.52854186
    ],
    [
      0.5412538,
      0.8191969,
      0.5270977
    ],
    [
      0.53464234,
      0.82504296,
      0.52531034
    ],
    [
      0.5278261,
      0.82809114,
      0.52318084
    ],
    [
      0.5208081,
      0.82833016,
      0.52071065
    ],
    [
      0.51359165,
      0.8257592,
      0.5179015
    ],
    [
      0.50618,
      0.8203876,
      0.5147551
    ],
    [
      0.4985765,
      0.81223553,
      0.5112735
    ],
    [
      0.49078462,
      0.80133307,
      0.50745904
    ],
    [
      0.48280793,
      0.78772074,
      0.5033144
    ],
    [
      0.4746501,
      0.771449,
      0.49884215
    ],
    [
      0.46631485,
      0.75257814,
      0.49404538
    ],
    [
      0.45780593,
      0.73117846,
      0.4889273
    ],
    [
      0.4491273,
      0.70732945,
      0.483491
    ],
    [
      0.44028276,
      0.6811192,
      0.47774026
    ],
    [
      0.43127653,
      0.65264523,
      0.47167897
    ],
    [
      0.42211264,
      0.62201333,
      0.46531096
    ],
    [
      0.41279525,
      0.5893367,
      0.45864064
    ],
    [
      0.4033287,
      0.554737,
      0.45167246
    ],
    [
      0.3937172,
      0.5183424,
      0.44441065
    ],
    [
      0.38396522,
      0.48028842,
      0.43686038
    ],
    [
      0.3740771,
      0.44071496,
      0.42902637
    ],
    [
      0.3640575,
      0.3997708,
      0.42091396
    ],
    [
      0.35391086,
      0.3576066,
      0.41252866
    ],
    [
      0.3436419,
      0.3143791,
      0.4038757
    ],
    [
      0.33325526,
      0.27024913,
      0.3949613
    ],
    [
      0.32275572,
      0.2253797,
      0.38579085
    ],
    [
      0.31214803,
      0.1799377,
      0.37637046
    ],
    [
      0.30143705,
      0.13409138,
      0.36670664
    ],
    [
      0.29062757,
      0.08801159,
      0.35680547
    ],
    [
      0.2797247,
      0.04186898,
      0.34667364
    ],
    [
      0.26873332,
      0.0,
      0.33631828
    ],
    [
      0.25765842,
      0.0,
      0.3257456
    ],
    [
      0.24650511,
      0.0,
      0.3149627
    ],
    [
      0.23527846,
      0.0,
      0.303977
    ],
    [
      0.22398356,
      0.0,
      0.29279542
    ],
    [
      0.2126256,
      0.0,
      0.28142577
    ],
    [
      0.20120968,
      0.0,
      0.2698751
    ],
    [
      0.18974113,
      0.0,
      0.25815177
    ],
    [
      0.17822516,
      0.0,
      0.24626262
    ],
    [
      0.16666698,
      0.0,
      0.23421617
    ],
    [
      0.15507188,
      0.0,
      0.22201997
    ],
    [
      0.14344515,
      0.0,
      0.20968251
    ],
    [
      0.1317921,
      0.0,
      0.19721198
    ],
    [
      0.12011802,
      0.0,
      0.18461591
    ],
    [
      0.10842821,
      0.0,
      0.17190312
    ],
    [
      0.096728116,
      0.0,
      0.15908223
    ],
    [
      0.08502294,
      0.0,
      0.14616127
    ],
    [
      0.07331816,
      0.0,
      0.13314927
    ],
    [
      0.061619055,
      0.0,
      0.12005432
    ],
    [
      0.049930956,
      0.0,
      0.106885836
    ],
    [
      0.038259197,
      0.0,
      0.0936518
    ],
    [
      0.026609104,
      0.0,
      0.080360964
    ],
    [
      0.014986001,
      0.0,
      0.06702235
    ],
    [
      0.00339517,
      0.0,
      0.053645056
    ],
    [
      0.0,
      0.0,
      0.040237408
    ],
    [
      0.0,
      0.0,
      0.026808783
    ],
    [
      0.0,
      0.0,
      0.013368065
    ],
    [
      0.0,
      0.0,
      0.0
    ],
    [
      0.0,
      0.0,
      0.0
    ],
    [
      0.0,
      0.0,
      0.0
    ],
    [
      0.0,
      0.0,
      0.0
    ],
    [
      0.0,
      0.0,
      0.0
    ],
    [
      0.0,
      0.0,
      0.0
    ],
    [
      0.0,
      0.0,
      0.0
    ],
    [
      0.0,
      0.0,
      0.0
    ],
    [
      0.0,
      0.0,
      0.0
    ],
    [
      0.0,
      0.0,
      0.0
    ],
    [
      0.0,
      0.0,
      0.0
    ],
    [
      0.0,
      0.0,
      0.0
    ],
    [
      0.0,
      0.0,
      0.0
    ],
    [
      0.0,
      0.0,
      0.0
    ],
    [
      0.0,
      0.0,
      0.0
    ],
    [
      0.0,
      0.0,
      0.0
    ],
    [
      0.0,
      0.0,
      0.0
    ],
    [
      0.0,
      0.0,
      0.0
    ],
    [
      0.0,
      0.0,
      0.0
    ],
    [
      0.0,
      0.0,
      0.0
    ],
    [
      0.0,
      0.0,
      0.0
    ],
    [
      0.0,
      0.0,
      0.0
    ],
    [
      0.0,
      0.028153036,
      0.0
    ],
    [
      0.0,
      0.074282005,
      0.0
    ],
    [
      0.0,
      0.12039838,
      0.0
    ],
    [
      0.0,
      0.16633174,
      0.0
    ],
    [
      0.0,
      0.21191093,
      0.0
    ],
    [
      0.0,
      0.25696823,
      0.0
    ],
    [
      0.0,
      0.3013357,
      0.0
    ],
    [
      0.0,
      0.34484875,
      0.0
    ],
    [
      0.0,
      0.38734588,
      0.0
    ],
    [
      0.0,
      0.42866936,
      0.0
    ],
    [
      0.0,
      0.4686659,
      0.0
    ],
    [
      0.0,
      0.5071864,
      0.0
    ],
    [
      0.0,
      0.5440892,
      0.0
    ],
    [
      0.0,
      0.57923734,
      0.0
    ],
    [
      0.0,
      0.6124991,
      0.0
    ],
    [
      0.0,
      0.6437518,
      0.0
    ],
    [
      0.0,
      0.67287934,
      0.0
    ],
    [
      0.0,
      0.69977325,
      0.0
    ],
    [
      0.0,
      0.72433466,
      0.0
    ],
    [
      0.0,
      0.7464718,
      0.0
    ],
    [
      0.0,
      0.76610273,
      0.0
    ],
    [
      0.0,
      0.78315455,
      0.0
    ],
    [
      0.0,
      0.79756385,
      0.0
    ],
    [
      0.0,
      0.80927736,
      0.0
    ],
    [
      0.0,
      0.81825143,
      0.0
    ],
    [
      0.0,
      0.8244529,
      0.0
    ],
    [
      0.0,
      0.8278586,
      0.0
    ],
    [
      0.0,
