{
  "name": "mutant-6456",
  "global": {
    "speed": 0.22506197,
    "zoom": 1.0,
    "trail": 0.34075055,
    "flame_brightness": 0.3569482
  },
  "kifs": {
    "fold_angle": 1.4722663,
    "scale": 1.5806699,
    "brightness": 0.3
  },
  "transforms": [
    {
      "weight": 0.08836235,
      "affine": [
        [
          -0.40996036,
          -0.23623516,
          0.0
        ],
        [
          0.23623516,
          -0.40996036,
          0.0
        ],
        [
          0.0,
          0.0,
          1.3400362
        ]
      ],
      "offset": [
        1.0,
        0.0,
        0.0
      ],
      "color": 0.0,
      "linear": 0.0,
      "sinusoidal": 0.6,
      "spherical": 0.0,
      "swirl": 0.4,
      "horseshoe": 0.0,
      "handkerchief": 0.0,
      "julia": 0.0,
      "polar": 0.0,
      "disc": 0.0,
      "rings": 0.0,
      "bubble": 0.0,
      "fisheye": 0.0,
      "exponential": 0.0,
      "spiral": 0.0,
      "diamond": 0.0,
      "bent": 0.0,
      "waves": 0.0,
      "popcorn": 0.0,
      "fan": 0.0,
      "eyefish": 0.0,
      "cross": 0.0,
      "tangent": 0.0,
      "cosine": 0.0,
      "blob": 0.0,
      "noise": 0.0,
      "curl": 0.0,
      "variation_params": {}
    },
    {
      "weight": 0.4367765,
      "affine": [
        [
          -0.76299155,
          0.23262526,
          0.0
        ],
        [
          -0.087304756,
          0.8457181,
          0.0
        ],
        [
          0.0,
          0.0,
          1.12006
        ]
      ],
      "offset": [
        -0.0416126,
        -0.262334,
        0.0
      ],
      "color": 0.33333334,
      "linear": 0.0,
      "sinusoidal": 0.0,
      "spherical": 1.0,
      "swirl": 0.0,
      "horseshoe": 0.0,
      "handkerchief": 0.0,
      "julia": 0.0,
      "polar": 0.0,
      "disc": 0.0,
      "rings": 0.0,
      "bubble": 0.0,
      "fisheye": 0.0,
      "exponential": 0.0,
      "spiral": 0.0,
      "diamond": 0.0,
      "bent": 0.0,
      "waves": 0.0,
      "popcorn": 0.0,
      "fan": 0.0,
      "eyefish": 0.0,
      "cross": 0.0,
      "tangent": 0.0,
      "cosine": 0.0,
      "blob": 0.0,
      "noise": 0.0,
      "curl": 0.0,
      "variation_params": {}
    },
    {
      "weight": 0.47486115,
      "affine": [
        [
          -0.6732227,
          0.50148886,
          0.0
        ],
        [
          -0.8697648,
          0.42983082,
          0.0
        ],
        [
          0.0,
          0.0,
          1.3623468
        ]
      ],
      "offset": [
        0.6697662,
        -0.9739444,
        0.0
      ],
      "color": 0.6666667,
      "linear": 0.0,
      "sinusoidal": 0.0,
      "spherical": 0.0,
      "swirl": 0.0,
      "horseshoe": 0.0,
      "handkerchief": 0.0,
      "julia": 0.0,
      "polar": 0.0,
      "disc": 1.0,
      "rings": 0.0,
      "bubble": 0.0,
      "fisheye": 0.0,
      "exponential": 0.0,
      "spiral": 0.0,
      "diamond": 0.0,
      "bent": 0.0,
      "waves": 0.0,
      "popcorn": 0.0,
      "fan": 0.0,
      "eyefish": 0.0,
      "cross": 0.0,
      "tangent": 0.0,
      "cosine": 0.0,
      "blob": 0.0,
      "noise": 0.0,
      "curl": 0.0,
      "variation_params": {}
    }
  ],
  "final_transform": null,
  "symmetry": 1,
  "palette": [
    [
      0.6410765,
      0.37865245,
      0.22395712
    ],
    [
      0.63883555,
      0.36835757,
      0.21960261
    ],
    [
      0.6364398,
      0.35809696,
      0.21558851
    ],
    [
      0.63389176,
      0.34790108,
      0.2119223
    ],
    [
      0.63119423,
      0.33780023,
      0.20861086
    ],
    [
      0.6283499,
      0.3278244,
      0.20566037
    ],
    [
      0.62536186,
      0.31800324,
      0.20307629
    ],
    [
      0.6222333,
      0.3083658,
      0.20086347
    ],
    [
      0.6189675,
      0.29894078,
      0.19902602
    ],
    [
      0.6155678,
      0.28975606,
      0.19756739
    ],
    [
      0.61203796,
      0.28083906,
      0.19649027
    ],
    [
      0.6083816,
      0.2722161,
      0.19579671
    ],
    [
      0.60460263,
      0.26391286,
      0.19548798
    ],
    [
      0.600705,
      0.255954,
      0.19556463
    ],
    [
      0.59669286,
      0.24836308,
      0.19602658
    ],
    [
      0.5925705,
      0.2411627,
      0.1968729
    ],
    [
      0.58834213,
      0.23437418,
      0.19810206
    ],
    [
      0.5840123,
      0.22801773,
      0.19971174
    ],
    [
      0.5795856,
      0.2221122,
      0.20169896
    ],
    [
      0.57506675,
      0.21667506,
      0.20406
    ],
    [
      0.5704604,
      0.21172257,
      0.20679046
    ],
    [
      0.56577146,
      0.20726933,
      0.20988522
    ],
    [
      0.5610049,
      0.2033286,
      0.21333858
    ],
    [
      0.55616575,
      0.19991206,
      0.21714398
    ],
    [
      0.5512591,
      0.19702989,
      0.22129445
    ],
    [
      0.5462902,
      0.19469061,
      0.22578219
    ],
    [
      0.54126424,
      0.19290118,
      0.2305988
    ],
    [
      0.5361865,
      0.1916669,
      0.2357353
    ],
    [
      0.5310624,
      0.19099145,
      0.24118218
    ],
    [
      0.5258974,
      0.19087683,
      0.24692924
    ],
    [
      0.5206968,
      0.19132338,
      0.25296572
    ],
    [
      0.5154662,
      0.19232976,
      0.25928044
    ],
    [
      0.5102111,
      0.19389302,
      0.26586157
    ],
    [
      0.5049371,
      0.19600846,
      0.27269673
    ],
    [
      0.4996497,
      0.19866987,
      0.27977344
    ],
    [
      0.49435452,
      0.20186928,
      0.28707823
    ],
    [
      0.48905712,
      0.2055973,
      0.29459763
    ],
    [
      0.48376316,
      0.2098427,
      0.3023175
    ],
    [
      0.47847816,
      0.21459302,
      0.31022355
    ],
    [
      0.47320774,
      0.21983406,
      0.31830108
    ],
    [
      0.46795744,
      0.22555037,
      0.32653484
    ],
    [
      0.46273282,
      0.23172483,
      0.33490956
    ],
    [
      0.4575394,
      0.23833928,
      0.3434096
    ],
    [
      0.45238268,
      0.24537392,
      0.35201925
    ],
    [
      0.44726807,
      0.25280803,
      0.36072224
    ],
    [
      0.44220102,
      0.26061937,
      0.3695024
    ],
    [
      0.43718684,
      0.26878497,
      0.3783434
    ],
    [
      0.43223083,
      0.27728033,
      0.3872287
    ],
    [
      0.42733824,
      0.28608042,
      0.3961419
    ],
    [
      0.42251426,
      0.29515898,
      0.40506607
    ],
    [
      0.41776395,
      0.3044892,
      0.41398475
    ],
    [
      0.4130923,
      0.31404334,
      0.42288128
    ],
    [
      0.4085043,
      0.323793,
      0.43173903
    ],
    [
      0.40400475,
      0.33370915,
      0.44054163
    ],
    [
      0.39959845,
      0.34376255,
      0.44927245
    ],
    [
      0.39529002,
      0.35392326,
      0.45791528
    ],
    [
      0.39108402,
      0.3641611,
      0.466454
    ],
    [
      0.38698488,
      0.3744457,
      0.4748728
    ],
    [
      0.382997,
      0.38474643,
      0.4831558
    ],
    [
      0.37912446,
      0.3950329,
      0.4912876
    ],
    [
      0.3753715,
      0.40527448,
      0.49925303
    ],
    [
      0.37174192,
      0.41544074,
      0.5070373
    ],
    [
      0.3682397,
      0.42550156,
      0.51462585
    ],
    [
      0.36486843,
      0.4354269,
      0.5220045
    ],
    [
      0.36163175,
      0.44518754,
      0.52915955
    ],
    [
      0.35853302,
      0.45475438,
      0.53607756
    ],
    [
      0.35557556,
      0.46409905,
      0.5427456
    ],
    [
      0.35276246,
      0.4731938,
      0.5491514
    ],
    [
      0.35009676,
      0.4820115,
      0.55528295
    ],
    [
      0.34758115,
      0.49052623,
      0.5611287
    ],
    [
      0.34521842,
      0.49871254,
      0.5666778
    ],
    [
      0.34301096,
      0.5065462,
      0.57192004
    ],
    [
      0.34096116,
      0.5140039,
      0.5768455
    ],
    [
