{
  "name": "mutant-8217",
  "global": {
    "speed": 0.18835525,
    "zoom": 1.0767605,
    "trail": 0.3489472,
    "flame_brightness": 0.3128307
  },
  "kifs": {
    "fold_angle": 1.4722663,
    "scale": 1.5806699,
    "brightness": 0.3
  },
  "transforms": [
    {
      "weight": 0.19068658,
      "affine": [
        [
          -0.10726404,
          0.7126148,
          0.0
        ],
        [
          0.5699669,
          0.944062,
          0.0
        ],
        [
          0.0,
          0.0,
          1.0
        ]
      ],
      "offset": [
        0.93767977,
        -0.37471628,
        0.0
      ],
      "color": 0.0,
      "linear": 0.0,
      "sinusoidal": 0.0,
      "spherical": 0.0,
      "swirl": 0.0,
      "horseshoe": 0.0,
      "handkerchief": 0.0,
      "julia": 0.0,
      "polar": 0.0,
      "disc": 0.0,
      "rings": 0.0,
      "bubble": 0.0,
      "fisheye": 0.0,
      "exponential": 0.0,
      "spiral": 0.0,
      "diamond": 0.0,
      "bent": 0.0,
      "waves": 0.0,
      "popcorn": 0.0,
      "fan": 0.0,
      "eyefish": 0.0,
      "cross": 1.0,
      "tangent": 0.0,
      "cosine": 0.0,
      "blob": 0.0,
      "noise": 0.0,
      "curl": 0.0,
      "variation_params": {}
    },
    {
      "weight": 0.33678252,
      "affine": [
        [
          0.8,
          0.3,
          0.0
        ],
        [
          -0.3,
          0.8,
          0.0
        ],
        [
          0.0,
          0.0,
          1.0
        ]
      ],
      "offset": [
        0.0,
        0.0,
        0.0
      ],
      "color": 0.33333334,
      "linear": 0.0,
      "sinusoidal": 0.0,
      "spherical": 0.0,
      "swirl": 0.54099053,
      "horseshoe": 0.0,
      "handkerchief": 0.0,
      "julia": 0.0,
      "polar": 0.0,
      "disc": 0.0,
      "rings": 0.0,
      "bubble": 0.0,
      "fisheye": 0.0,
      "exponential": 0.0,
      "spiral": 0.0,
      "diamond": 0.4590095,
      "bent": 0.0,
      "waves": 0.0,
      "popcorn": 0.0,
      "fan": 0.0,
      "eyefish": 0.0,
      "cross": 0.0,
      "tangent": 0.0,
      "cosine": 0.0,
      "blob": 0.0,
      "noise": 0.0,
      "curl": 0.0,
      "variation_params": {}
    },
    {
      "weight": 0.4725309,
      "affine": [
        [
          -0.34143838,
          -0.8271612,
          0.0
        ],
        [
          0.5096699,
          0.7570993,
          0.0
        ],
        [
          0.0,
          0.0,
          1.2264191
        ]
      ],
      "offset": [
        -0.6299931,
        0.39338923,
        0.0
      ],
      "color": 0.6666667,
      "linear": 0.0,
      "sinusoidal": 0.0,
      "spherical": 0.0,
      "swirl": 0.0,
      "horseshoe": 0.0,
      "handkerchief": 0.0,
      "julia": 0.0,
      "polar": 0.0,
      "disc": 0.0,
      "rings": 0.0,
      "bubble": 0.0,
      "fisheye": 0.0,
      "exponential": 0.0,
      "spiral": 0.0,
      "diamond": 0.0,
      "bent": 0.0,
      "waves": 0.0,
      "popcorn": 0.0,
      "fan": 0.0,
      "eyefish": 0.0,
      "cross": 0.0,
      "tangent": 0.0,
      "cosine": 1.0,
      "blob": 0.0,
      "noise": 0.0,
      "curl": 0.0,
      "variation_params": {}
    }
  ],
  "final_transform": null,
  "symmetry": 3,
  "palette": [
    [
      0.042765826,
      0.22471142,
      0.43401003
    ],
    [
      0.038532495,
      0.2272416,
      0.4215325
    ],
    [
      0.03577429,
      0.22978908,
      0.40879962
    ],
    [
      0.034501195,
      0.23235321,
      0.3958387
    ],
    [
      0.0347178,
      0.23493409,
      0.38267764
    ],
    [
      0.036423296,
      0.23753148,
      0.36934465
    ],
    [
      0.03961155,
      0.24014486,
      0.35586843
    ],
    [
      0.04427108,
      0.24277397,
      0.34227788
    ],
    [
      0.050385118,
      0.24541879,
      0.32860222
    ],
    [
      0.057931602,
      0.24807905,
      0.31487086
    ],
    [
      0.066883475,
      0.25075424,
      0.3011132
    ],
    [
      0.07720828,
      0.25344416,
      0.28735885
    ],
    [
      0.088868916,
      0.25614864,
      0.27363744
    ],
    [
      0.10182342,
      0.25886732,
      0.25997838
    ],
    [
      0.11602506,
      0.26159996,
      0.24641097
    ],
    [
      0.13142276,
      0.26434624,
      0.23296443
    ],
    [
      0.14796096,
      0.26710594,
      0.21966758
    ],
    [
      0.16558027,
      0.26987875,
      0.20654906
    ],
    [
      0.18421707,
      0.27266443,
      0.19363701
    ],
    [
      0.20380408,
      0.27546263,
      0.18095917
    ],
    [
      0.22427103,
      0.2782731,
      0.16854274
    ],
    [
      0.2455439,
      0.28109556,
      0.15641448
    ],
    [
      0.26754642,
      0.28392974,
      0.14460033
    ],
    [
      0.29019892,
      0.28677532,
      0.13312581
    ],
    [
      0.31342041,
      0.28963214,
      0.12201543
    ],
    [
      0.33712643,
      0.29249954,
      0.1112932
    ],
    [
      0.36123222,
      0.2953776,
      0.10098207
    ],
    [
      0.38565055,
      0.29826593,
      0.091104195
    ],
    [
      0.41029382,
      0.30116433,
      0.081680775
    ],
    [
      0.43507284,
      0.3040723,
      0.072732106
    ],
    [
      0.4598988,
      0.30698946,
      0.06427741
    ],
    [
      0.48468205,
      0.30991584,
      0.05633481
    ],
    [
      0.5093333,
      0.31285113,
      0.048921406
    ],
    [
      0.5337636,
      0.31579477,
      0.042053074
    ],
    [
      0.5578853,
      0.3187466,
      0.035744607
    ],
    [
      0.58161104,
      0.3217063,
      0.030009538
    ],
    [
      0.60485613,
      0.3246736,
      0.024860263
    ],
    [
      0.6275359,
      0.32764816,
      0.02030775
    ],
    [
      0.6495693,
      0.3306297,
      0.016361803
    ],
    [
      0.6708765,
      0.33361793,
      0.013030916
    ],
    [
      0.6913812,
      0.33661252,
      0.010322243
    ],
    [
      0.7110094,
      0.33961317,
      0.008241594
    ],
    [
      0.7296901,
      0.3426196,
      0.0067934394
    ],
    [
      0.7473563,
      0.34563148,
      0.005980909
    ],
    [
      0.76394427,
      0.34864855,
      0.005805701
    ],
    [
      0.7793944,
      0.3516704,
      0.006268263
    ],
    [
      0.79365087,
      0.35469687,
      0.0073675215
    ],
    [
      0.8066623,
      0.35772768,
      0.009101182
    ],
    [
      0.8183819,
      0.3607623,
      0.01146552
    ],
    [
      0.8287675,
      0.36380038,
      0.014455378
    ],
    [
      0.83778155,
      0.3668419,
      0.01806444
    ],
    [
      0.84539163,
      0.3698866,
      0.022284776
    ],
    [
      0.8515705,
      0.37293383,
      0.027107596
    ],
    [
      0.85629565,
      0.37598333,
      0.03252226
    ],
    [
      0.8595501,
      0.37903503,
      0.038517326
    ],
    [
      0.8613223,
      0.38208866,
      0.045079798
    ],
    [
      0.86160576,
      0.38514358,
      0.052195728
    ],
    [
      0.86039937,
      0.38819966,
      0.059849665
    ],
    [
      0.8577076,
      0.3912566,
      0.0680252
    ],
    [
      0.85354006,
      0.39431405,
      0.076704815
    ],
    [
      0.84791183,
      0.39737174,
      0.08586986
    ],
    [
      0.8408432,
      0.4004293,
      0.09550066
    ],
    [
      0.8323597,
      0.4034865,
      0.10557647
    ],
    [
      0.82249165,
      0.406543,
      0.116075665
    ],
    [
      0.8112747,
      0.40959844,
      0.12697569
    ],
    [
      0.7987494,
      0.41265255,
      0.13825326
    ],
    [
      0.7849607,
      0.4157052,
      0.14988391
    ],
    [
      0.76995814,
      0.4187556,
      0.16184276
    ],
    [
      0.75379634,
      0.42180386,
      0.17410414
    ],
    [
      0.73653275,
      0.42484957,
      0.18664168
    ],
    [
      0.71823007,
      0.42789257,
      0.19942847
    ],
    [
      0.6989542,
      0.43093207,
      0.212437
    ],
    [
      0.6787746,
