{
  "name": "mutant-2461",
  "global": {
    "speed": 0.19999906,
    "zoom": 1.9076966,
    "trail": 0.33802798,
    "flame_brightness": 0.30045152
  },
  "kifs": {
    "fold_angle": 1.4722663,
    "scale": 1.5806699,
    "brightness": 0.3
  },
  "transforms": [
    {
      "weight": 0.36837107,
      "affine": [
        [
          -0.26436853,
          -0.38208616,
          0.0
        ],
        [
          0.3215357,
          -0.33604372,
          0.0
        ],
        [
          0.0,
          0.0,
          1.0
        ]
      ],
      "offset": [
        -0.05449176,
        0.93026745,
        0.0
      ],
      "color": 0.0,
      "linear": 0.0,
      "sinusoidal": 0.0,
      "spherical": 0.0,
      "swirl": 0.0,
      "horseshoe": 0.0,
      "handkerchief": 1.0,
      "julia": 0.0,
      "polar": 0.0,
      "disc": 0.0,
      "rings": 0.0,
      "bubble": 0.0,
      "fisheye": 0.0,
      "exponential": 0.0,
      "spiral": 0.0,
      "diamond": 0.0,
      "bent": 0.0,
      "waves": 0.0,
      "popcorn": 0.0,
      "fan": 0.0,
      "eyefish": 0.0,
      "cross": 0.0,
      "tangent": 0.0,
      "cosine": 0.0,
      "blob": 0.0,
      "noise": 0.0,
      "curl": 0.0,
      "variation_params": {}
    },
    {
      "weight": 0.45561972,
      "affine": [
        [
          0.65223604,
          0.10668455,
          0.0
        ],
        [
          -1.3924901,
          -0.96901494,
          0.0
        ],
        [
          0.0,
          0.0,
          1.4478687
        ]
      ],
      "offset": [
        -0.12527013,
        0.9503727,
        0.0
      ],
      "color": 0.33333334,
      "linear": 0.0,
      "sinusoidal": 0.0,
      "spherical": 0.0,
      "swirl": 0.0,
      "horseshoe": 0.0,
      "handkerchief": 0.0,
      "julia": 0.0,
      "polar": 0.0,
      "disc": 0.0,
      "rings": 0.0,
      "bubble": 0.0,
      "fisheye": 0.0,
      "exponential": 1.0,
      "spiral": 0.0,
      "diamond": 0.0,
      "bent": 0.0,
      "waves": 0.0,
      "popcorn": 0.0,
      "fan": 0.0,
      "eyefish": 0.0,
      "cross": 0.0,
      "tangent": 0.0,
      "cosine": 0.0,
      "blob": 0.0,
      "noise": 0.0,
      "curl": 0.0,
      "variation_params": {}
    },
    {
      "weight": 0.17600916,
      "affine": [
        [
          -0.44308242,
          0.83832675,
          0.0
        ],
        [
          -0.46606717,
          0.27955112,
          0.0
        ],
        [
          0.0,
          0.0,
          1.124217
        ]
      ],
      "offset": [
        0.6646081,
        0.4845668,
        0.0
      ],
      "color": 0.6666667,
      "linear": 0.0,
      "sinusoidal": 0.0,
      "spherical": 0.0,
      "swirl": 0.0,
      "horseshoe": 0.0,
      "handkerchief": 0.0,
      "julia": 0.0,
      "polar": 0.0,
      "disc": 1.0,
      "rings": 0.0,
      "bubble": 0.0,
      "fisheye": 0.0,
      "exponential": 0.0,
      "spiral": 0.0,
      "diamond": 0.0,
      "bent": 0.0,
      "waves": 0.0,
      "popcorn": 0.0,
      "fan": 0.0,
      "eyefish": 0.0,
      "cross": 0.0,
      "tangent": 0.0,
      "cosine": 0.0,
      "blob": 0.0,
      "noise": 0.0,
      "curl": 0.0,
      "variation_params": {}
    }
  ],
  "final_transform": null,
  "symmetry": 3,
  "palette": [
    [
      0.092906296,
      0.3505027,
      0.2827884
    ],
    [
      0.09265426,
      0.36008698,
      0.2773164
    ],
    [
      0.09242666,
      0.36991757,
      0.27197492
    ],
    [
      0.092223555,
      0.37997365,
      0.26676875
    ],
    [
      0.09204492,
      0.39023432,
      0.26170278
    ],
    [
      0.09189081,
      0.40067792,
      0.25678152
    ],
    [
      0.09176117,
      0.41128272,
      0.2520095
    ],
    [
      0.09165609,
      0.4220263,
      0.24739112
    ],
    [
      0.09157553,
      0.43288633,
      0.24293058
    ],
    [
      0.091519505,
      0.44383988,
      0.23863189
    ],
    [
      0.091488004,
      0.45486414,
      0.23449904
    ],
    [
      0.09148103,
      0.4659357,
      0.23053573
    ],
    [
      0.09149861,
      0.4770318,
      0.22674567
    ],
    [
      0.091540724,
      0.4881288,
      0.22313224
    ],
    [
      0.09160739,
      0.49920374,
      0.21969879
    ],
    [
      0.09169856,
      0.51023316,
      0.21644841
    ],
    [
      0.09181425,
      0.5211941,
      0.21338409
    ],
    [
      0.09195447,
      0.53206336,
      0.21050864
    ],
    [
      0.09211919,
      0.5428185,
      0.20782468
    ],
    [
      0.09230843,
      0.55343664,
      0.20533463
    ],
    [
      0.092522144,
      0.56389576,
      0.20304081
    ],
    [
      0.092760295,
      0.5741737,
      0.20094526
    ],
    [
      0.09302294,
      0.5842492,
      0.19904993
    ],
    [
      0.09331,
      0.5941009,
      0.19735657
    ],
    [
      0.09362149,
      0.60370827,
      0.19586667
    ],
    [
      0.093957365,
      0.61305106,
      0.19458161
    ],
    [
      0.094317585,
      0.6221098,
      0.19350258
    ],
    [
      0.094702184,
      0.6308655,
      0.19263054
    ],
    [
      0.0951111,
      0.63929975,
      0.19196631
    ],
    [
      0.09554434,
      0.6473949,
      0.19151048
    ],
    [
      0.096001804,
      0.6551339,
      0.19126347
    ],
    [
      0.09648353,
      0.6625007,
      0.19122553
    ],
    [
      0.09698945,
      0.6694796,
      0.19139665
    ],
    [
      0.09751955,
      0.67605627,
      0.19177671
    ],
    [
      0.09807378,
      0.6822167,
      0.19236532
    ],
    [
      0.098652095,
      0.68794805,
      0.193162
    ],
    [
      0.09925449,
      0.6932383,
      0.19416599
    ],
    [
      0.099880904,
      0.69807637,
      0.19537637
    ],
    [
      0.10053131,
      0.7024521,
      0.19679205
    ],
    [
      0.10120562,
      0.70635635,
      0.19841172
    ],
    [
      0.101903856,
      0.70978093,
      0.2002339
    ],
    [
      0.10262591,
      0.7127186,
      0.20225696
    ],
    [
      0.10337174,
      0.7151633,
      0.20447905
    ],
    [
      0.104141295,
      0.7171098,
      0.20689812
    ],
    [
      0.1049346,
      0.7185541,
      0.20951195
    ],
    [
      0.105751544,
      0.7194931,
      0.2123182
    ],
    [
      0.10659203,
      0.7199249,
      0.21531422
    ],
    [
      0.10745609,
      0.7198486,
      0.21849738
    ],
    [
      0.1083436,
      0.71926427,
      0.22186473
    ],
    [
      0.10925454,
      0.71817327,
      0.2254132
    ],
    [
      0.11018884,
      0.71657777,
      0.22913952
    ],
    [
      0.11114639,
      0.7144811,
      0.2330403
    ],
    [
      0.112127185,
      0.71188784,
      0.23711209
    ],
    [
      0.113131166,
      0.70880324,
      0.24135096
    ],
    [
      0.11415821,
      0.70523375,
      0.24575324
    ],
    [
      0.1152083,
      0.7011871,
      0.25031483
    ],
    [
      0.11628136,
      0.69667137,
      0.25503147
    ],
    [
      0.11737725,
      0.69169647,
      0.25989914
    ],
    [
      0.11849597,
      0.68627244,
      0.26491305
    ],
    [
      0.11963746,
      0.680411,
      0.27006885
    ],
    [
      0.12080154,
      0.6741242,
      0.27536175
    ],
    [
      0.12198824,
      0.6674252,
      0.28078693
    ],
    [
      0.123197466,
      0.6603282,
      0.28633952
    ],
    [
      0.12442908,
      0.652848,
      0.2920143
    ],
    [
      0.12568307,
      0.6450001,
      0.29780626
    ],
    [
      0.1269593,
      0.6368014,
      0.30370992
    ],
    [
      0.12825766,
      0.6282686,
      0.30972
    ],
    [
      0.12957817,
      0.61942005,
      0.31583112
    ],
    [
      0.13092065,
      0.610274,
      0.3220375
    ],
    [
      0.13228503,
      0.6008496,
      0.32833353
    ],
    [
      0.13367125,
      0.59116656,
      0.33471352
    ],
    [
      0.1350792,
      0.5812456,
      0.3411717
    ],
    [
      0.13650873,
