{
  "name": "mutant-8896",
  "global": {
    "speed": 0.18643075,
    "zoom": 2.097736,
    "trail": 0.34931388,
    "flame_brightness": 0.3074486
  },
  "kifs": {
    "fold_angle": 1.4722663,
    "scale": 1.5806699,
    "brightness": 0.3
  },
  "transforms": [
    {
      "weight": 0.3878885,
      "affine": [
        [
          1.0540004,
          0.39994097,
          0.0
        ],
        [
          -1.023379,
          -0.5396584,
          0.0
        ],
        [
          0.0,
          0.0,
          1.2538474
        ]
      ],
      "offset": [
        0.905589,
        0.909402,
        0.0
      ],
      "color": 0.0,
      "linear": 0.0,
      "sinusoidal": 0.0,
      "spherical": 1.0,
      "swirl": 0.0,
      "horseshoe": 0.0,
      "handkerchief": 0.0,
      "julia": 0.0,
      "polar": 0.0,
      "disc": 0.0,
      "rings": 0.0,
      "bubble": 0.0,
      "fisheye": 0.0,
      "exponential": 0.0,
      "spiral": 0.0,
      "diamond": 0.0,
      "bent": 0.0,
      "waves": 0.0,
      "popcorn": 0.0,
      "fan": 0.0,
      "eyefish": 0.0,
      "cross": 0.0,
      "tangent": 0.0,
      "cosine": 0.0,
      "blob": 0.0,
      "noise": 0.0,
      "curl": 0.0,
      "variation_params": {}
    },
    {
      "weight": 0.43151155,
      "affine": [
        [
          0.17948604,
          -0.7230729,
          0.0
        ],
        [
          0.93252075,
          0.37586725,
          0.0
        ],
        [
          0.0,
          0.0,
          1.0
        ]
      ],
      "offset": [
        -0.22255957,
        -0.038175583,
        0.0
      ],
      "color": 0.33333334,
      "linear": 0.0,
      "sinusoidal": 0.0,
      "spherical": 0.0,
      "swirl": 1.0,
      "horseshoe": 0.0,
      "handkerchief": 0.0,
      "julia": 0.0,
      "polar": 0.0,
      "disc": 0.0,
      "rings": 0.0,
      "bubble": 0.0,
      "fisheye": 0.0,
      "exponential": 0.0,
      "spiral": 0.0,
      "diamond": 0.0,
      "bent": 0.0,
      "waves": 0.0,
      "popcorn": 0.0,
      "fan": 0.0,
      "eyefish": 0.0,
      "cross": 0.0,
      "tangent": 0.0,
      "cosine": 0.0,
      "blob": 0.0,
      "noise": 0.0,
      "curl": 0.0,
      "variation_params": {}
    },
    {
      "weight": 0.18059996,
      "affine": [
        [
          0.3746248,
          0.0,
          0.0
        ],
        [
          0.0,
          0.41521835,
          0.0
        ],
        [
          0.0,
          0.0,
          1.2857512
        ]
      ],
      "offset": [
        0.0,
        -0.5,
        0.0
      ],
      "color": 0.6666667,
      "linear": 0.0,
      "sinusoidal": 0.0,
      "spherical": 0.0,
      "swirl": 0.0,
      "horseshoe": 0.5,
      "handkerchief": 0.5,
      "julia": 0.0,
      "polar": 0.0,
      "disc": 0.0,
      "rings": 0.0,
      "bubble": 0.0,
      "fisheye": 0.0,
      "exponential": 0.0,
      "spiral": 0.0,
      "diamond": 0.0,
      "bent": 0.0,
      "waves": 0.0,
      "popcorn": 0.0,
      "fan": 0.0,
      "eyefish": 0.0,
      "cross": 0.0,
      "tangent": 0.0,
      "cosine": 0.0,
      "blob": 0.0,
      "noise": 0.0,
      "curl": 0.0,
      "variation_params": {}
    }
  ],
  "final_transform": null,
  "symmetry": 6,
  "palette": [
    [
      0.6009968,
      0.0,
      0.055500507
    ],
    [
      0.5981661,
      0.0,
      0.05853823
    ],
    [
      0.5951593,
      0.0,
      0.062047184
    ],
    [
      0.5919783,
      0.0,
      0.06602299
    ],
    [
      0.5886255,
      0.0,
      0.070461005
    ],
    [
      0.58510303,
      0.0,
      0.07535583
    ],
    [
      0.5814134,
      0.0,
      0.08070168
    ],
    [
      0.5775591,
      0.0,
      0.08649209
    ],
    [
      0.57354283,
      0.0,
      0.09272009
    ],
    [
      0.5693673,
      0.0,
      0.09937829
    ],
    [
      0.56503534,
      0.0,
      0.106458664
    ],
    [
      0.5605501,
      0.0,
      0.11395267
    ],
    [
      0.5559144,
      0.0,
      0.121851385
    ],
    [
      0.5511317,
      0.0,
      0.13014531
    ],
    [
      0.54620516,
      0.0,
      0.13882458
    ],
    [
      0.5411381,
      0.0,
      0.14787874
    ],
    [
      0.5359341,
      0.0,
      0.15729687
    ],
    [
      0.53059673,
      0.0,
      0.16706777
    ],
    [
      0.52512956,
      0.0,
      0.1771797
    ],
    [
      0.5195365,
      0.0,
      0.18762028
    ],
    [
      0.5138213,
      0.0,
      0.19837746
    ],
    [
      0.5079879,
      0.0,
      0.2094381
    ],
    [
      0.5020403,
      0.0,
      0.22078896
    ],
    [
      0.49598265,
      0.0,
      0.23241642
    ],
    [
      0.489819,
      0.0,
      0.24430653
    ],
    [
      0.4835537,
      0.0,
      0.25644487
    ],
    [
      0.47719097,
      0.0,
      0.26881707
    ],
    [
      0.47073525,
      0.0,
      0.28140843
    ],
    [
      0.464191,
      0.0,
      0.29420373
    ],
    [
      0.45756257,
      0.0,
      0.3071876
    ],
    [
      0.45085466,
      0.0,
      0.32034445
    ],
    [
      0.44407183,
      0.0,
      0.33365855
    ],
    [
      0.43721873,
      0.014356896,
      0.3471139
    ],
    [
      0.4303001,
      0.030834123,
      0.36069423
    ],
    [
      0.42332065,
      0.04787907,
      0.37438357
    ],
    [
      0.41628522,
      0.065447554,
      0.38816515
    ],
    [
      0.40919864,
      0.08349517,
      0.40202284
    ],
    [
      0.40206575,
      0.10197559,
      0.4159398
    ],
    [
      0.3948915,
      0.120841324,
      0.4298994
    ],
    [
      0.38768083,
      0.14004448,
      0.44388485
    ],
    [
      0.3804386,
      0.15953575,
      0.45787942
    ],
    [
      0.37316987,
      0.17926528,
      0.4718661
    ],
    [
      0.36587963,
      0.19918239,
      0.48582834
    ],
    [
      0.35857287,
      0.2192367,
      0.49974957
    ],
    [
      0.3512546,
      0.23937616,
      0.5136129
    ],
    [
      0.3439299,
      0.2595498,
      0.52740175
    ],
    [
      0.3366037,
      0.2797058,
      0.54109955
    ],
    [
      0.32928118,
      0.29979265,
      0.5546897
    ],
    [
      0.3219672,
      0.3197589,
      0.5681563
    ],
    [
      0.31466702,
      0.33955333,
      0.58148295
    ],
    [
      0.3073855,
      0.35912582,
      0.59465355
    ],
    [
      0.30012757,
      0.3784256,
      0.60765266
    ],
    [
      0.29289842,
      0.3974038,
      0.62046456
    ],
    [
      0.28570288,
      0.41601172,
      0.63307375
    ],
    [
      0.27854586,
      0.4342016,
      0.6454651
    ],
    [
      0.27143243,
      0.45192719,
      0.6576241
    ],
    [
      0.2643674,
      0.46914297,
      0.66953564
    ],
    [
      0.25735557,
      0.48580498,
      0.6811857
    ],
    [
      0.25040185,
      0.5018704,
      0.69256055
    ],
    [
      0.24351098,
      0.51729846,
      0.70364624
    ],
    [
      0.23668772,
      0.5320495,
      0.7144296
    ],
    [
      0.22993673,
      0.54608554,
      0.72489756
    ],
    [
      0.22326265,
      0.5593711,
      0.7350379
    ],
    [
      0.21667005,
      0.571872,
      0.744838
    ],
    [
      0.21016349,
      0.5835562,
      0.7542865
    ],
    [
      0.2037475,
      0.5943939,
      0.7633718
    ],
    [
      0.19742635,
      0.60435736,
      0.77208334
    ],
    [
      0.19120449,
      0.613421,
      0.7804102
    ],
    [
      0.1850862,
      0.62156177,
      0.78834283
    ],
    [
      0.17907561,
      0.6287588,
      0.7958715
    ],
    [
      0.17317694,
      0.6349937,
      0.8029871
    ],
    [
      0.1673942,
      0.6402504,
      0.8096814
    ],
    [
      0.16173133,
      0.6445155,
      0.8159461
    ],
    [
      0.15619224,
      0.6477782,
      0.8217738
    ],
    [
      0.15078077,
      0.65003,
      0.8271575
    ],
    [
      0.14550066,
      0.65126526,
      0.83209074
    ],
    [
      0.14035545,
      0.6514808,
