{
  "name": "mutant-3660",
  "global": {
    "speed": 0.25,
    "zoom": 0.0,
    "trail": 0.34,
    "flame_brightness": 0.32757813
  },
  "kifs": {
    "fold_angle": 1.4722663,
    "scale": 1.5806699,
    "brightness": 0.3
  },
  "transforms": [
    {
      "weight": 1.0,
      "affine": [
        [
          0.90432656,
          0.3657545,
          0.0
        ],
        [
          -0.15856266,
          0.9964775,
          0.0
        ],
        [
          0.0,
          0.0,
          1.0
        ]
      ],
      "offset": [
        -0.73070323,
        -0.8513528,
        0.0
      ],
      "color": 0.0,
      "linear": 0.0,
      "sinusoidal": 0.0,
      "spherical": 0.0,
      "swirl": 0.0,
      "horseshoe": 0.0,
      "handkerchief": 0.0,
      "julia": 0.0,
      "polar": 0.0,
      "disc": 0.0,
      "rings": 0.0,
      "bubble": 0.0,
      "fisheye": 0.0,
      "exponential": 0.0,
      "spiral": 0.0,
      "diamond": 0.0,
      "bent": 0.0,
      "waves": 0.0,
      "popcorn": 0.0,
      "fan": 0.0,
      "eyefish": 0.0,
      "cross": 0.0,
      "tangent": 0.0,
      "cosine": 0.0,
      "blob": 0.0,
      "noise": 1.0,
      "curl": 0.0,
      "variation_params": {}
    }
  ],
  "final_transform": null,
  "symmetry": 4,
  "palette": [
    [
      0.0,
      0.0554757,
      0.8153379
    ],
    [
      0.0,
      0.0749221,
      0.8210765
    ],
    [
      0.0,
      0.09441451,
      0.8265486
    ],
    [
      0.0,
      0.113917425,
      0.83175206
    ],
    [
      0.0,
      0.13339533,
      0.8366842
    ],
    [
      0.0,
      0.15281272,
      0.84134305
    ],
    [
      0.0,
      0.17213427,
      0.84572613
    ],
    [
      0.0,
      0.19132474,
      0.8498317
    ],
    [
      0.0,
      0.2103492,
      0.8536581
    ],
    [
      0.0,
      0.22917297,
      0.85720325
    ],
    [
      0.0,
      0.24776182,
      0.86046565
    ],
    [
      0.0,
      0.26608184,
      0.863444
    ],
    [
      0.0,
      0.28409967,
      0.8661368
    ],
    [
      0.0,
      0.30178252,
      0.8685428
    ],
    [
      0.0,
      0.31909811,
      0.870661
    ],
    [
      0.0,
      0.336015,
      0.8724904
    ],
    [
      0.0,
      0.35250226,
      0.87403023
    ],
    [
      0.0,
      0.36852998,
      0.87527966
    ],
    [
      0.0,
      0.38406888,
      0.87623835
    ],
    [
      0.0,
      0.39909086,
      0.8769057
    ],
    [
      0.0,
      0.4135682,
      0.8772814
    ],
    [
      0.0,
      0.4274747,
      0.87736535
    ],
    [
      0.0,
      0.44078505,
      0.87715757
    ],
    [
      0.0,
      0.453475,
      0.87665796
    ],
    [
      0.0,
      0.46552143,
      0.8758669
    ],
    [
      0.0,
      0.4769024,
      0.8747847
    ],
    [
      0.0,
      0.48759717,
      0.8734119
    ],
    [
      0.0,
      0.49758628,
      0.87174904
    ],
    [
      0.0,
      0.5068515,
      0.8697969
    ],
    [
      0.0,
      0.515376,
      0.86755633
    ],
    [
      0.0,
      0.52314425,
      0.8650284
    ],
    [
      0.0,
      0.530142,
      0.8622143
    ],
    [
      0.0,
      0.5363566,
      0.8591151
    ],
    [
      0.0,
      0.5417768,
      0.85573256
    ],
    [
      0.0,
      0.54639256,
      0.8520677
    ],
    [
      0.0,
      0.5501956,
      0.8481227
    ],
    [
      0.0,
      0.55317885,
      0.843899
    ],
    [
      0.0,
      0.555337,
      0.8393985
    ],
    [
      0.0,
      0.55666614,
      0.83462346
    ],
    [
      0.0,
      0.55716383,
      0.8295758
    ],
    [
      0.0,
      0.55682904,
      0.8242581
    ],
    [
      0.0,
      0.5556625,
      0.8186724
    ],
    [
      0.0,
      0.5536663,
      0.8128215
    ],
    [
      0.0,
      0.55084413,
      0.80670786
    ],
    [
      0.0,
      0.54720104,
      0.80033445
    ],
    [
      0.0,
      0.54274374,
      0.7937038
    ],
    [
      0.0,
      0.53748024,
      0.7868191
    ],
    [
      0.0,
      0.53142035,
      0.7796837
    ],
    [
      0.0,
      0.5245748,
      0.7723005
    ],
    [
      0.0,
      0.5169564,
      0.764673
    ],
    [
      0.0,
      0.50857866,
      0.75680435
    ],
    [
      0.0,
      0.49945718,
      0.7486987
    ],
    [
      0.0,
      0.48960826,
      0.74035895
    ],
    [
      0.0,
      0.47905022,
      0.7317896
    ],
    [
      0.0,
      0.46780184,
      0.7229941
    ],
    [
      0.0,
      0.4558841,
      0.71397614
    ],
    [
      0.0,
      0.44331816,
      0.70474064
    ],
    [
      0.0,
      0.43012753,
      0.69529086
    ],
    [
      0.0,
      0.41633558,
      0.68563193
    ],
    [
      0.0,
      0.4019679,
      0.67576754
    ],
    [
      0.0,
      0.38705057,
      0.66570264
    ],
    [
      0.0,
      0.37161064,
      0.655441
    ],
    [
      0.0,
      0.35567617,
      0.6449883
    ],
    [
      0.0,
      0.33927667,
      0.63434815
    ],
    [
      0.0,
      0.32244128,
      0.6235262
    ],
    [
      0.0,
      0.30520144,
      0.6125274
    ],
    [
      0.0,
      0.2875878,
      0.6013558
    ],
    [
      0.008208662,
      0.26963314,
      0.59001756
    ],
    [
      0.018064111,
      0.25136948,
      0.5785167
    ],
    [
      0.028094068,
      0.2328308,
      0.5668596
    ],
    [
      0.03829111,
      0.21405008,
      0.5550506
    ],
    [
      0.048647895,
      0.1950624,
      0.54309535
    ],
    [
      0.059156448,
      0.17590146,
      0.5309992
    ],
    [
      0.06980902,
      0.15660302,
      0.51876736
    ],
    [
      0.08059828,
      0.13720183,
      0.5064063
    ],
    [
      0.09151596,
      0.11773276,
      0.49392056
    ],
    [
      0.10255359,
      0.09823173,
      0.48131624
    ],
    [
      0.11370362,
      0.07873469,
      0.4685989
    ],
    [
      0.12495783,
      0.059276488,
      0.45577466
    ],
    [
      0.13630752,
      0.0398928,
      0.4428484
    ],
    [
      0.14774457,
      0.020618714,
      0.42982715
    ],
    [
      0.15926048,
      0.001489982,
      0.41671556
    ],
    [
      0.17084679,
      0.0,
      0.40352052
    ],
    [
      0.18249498,
      0.0,
      0.39024788
    ],
    [
      0.19419664,
      0.0,
      0.37690288
    ],
    [
      0.20594276,
      0.0,
      0.3634926
    ],
    [
      0.21772467,
      0.0,
      0.350022
    ],
    [
      0.22953428,
      0.0,
      0.33649832
    ],
    [
      0.24136251,
      0.0,
      0.32292676
    ],
    [
      0.2532002,
      0.0,
      0.30931407
    ],
    [
      0.26503927,
      0.0,
      0.29566547
    ],
    [
      0.27687097,
      0.0,
      0.28198776
    ],
    [
      0.28868616,
      0.0,
      0.2682877
    ],
    [
      0.30047634,
      0.0,
      0.25457054
    ],
    [
      0.31223285,
      0.0,
      0.24084315
    ],
    [
      0.32394722,
      0.0,
      0.22711076
    ],
    [
      0.33561036,
      0.0,
      0.21338081
    ],
    [
      0.34721392,
      0.0,
      0.19965829
    ],
    [
      0.35874936,
      0.0,
      0.1859506
    ],
    [
      0.3702081,
      0.0,
      0.17226303
    ],
    [
      0.381582,
      0.0,
      0.15860173
    ],
    [
      0.3928622,
      0.0,
      0.14497381
    ],
    [
      0.4040406,
      0.0,
      0.13138452
    ],
    [
      0.41510898,
      0.0,
      0.117840275
    ],
    [
      0.42605937,
      0.0,
      0.104347214
    ],
    [
      0.4368831,
      0.0,
      0.0909114
    ],
    [
      0.44757277,
      0.0,
      0.07753892
    ],
    [
      0.4581205,
      0.0,
      0.064235836
    ],
    [
      0.46851814,
      0.0,
      0.05100812
    ],
    [
      0.47875825,
      0.0,
      0.03786175
    ],
    [
      0.48883325,
      0.0,
      0.024802655
    ],
    [
      0.49873585,
      0.0,
      0.011837363
    ],
    [
      0.5084585,
      0.0,
      0.0
    ],
    [
      0.51799405,
      0.0,
      0.0
