{
  "name": "mutant-6490",
  "global": {
    "speed": 0.22006345,
    "zoom": 1.0,
    "trail": 0.34805608,
    "flame_brightness": 0.37376446
  },
  "kifs": {
    "fold_angle": 1.4722663,
    "scale": 1.5806699,
    "brightness": 0.3
  },
  "transforms": [
    {
      "weight": 0.4731415,
      "affine": [
        [
          -0.91292065,
          -0.6946749,
          0.0
        ],
        [
          0.6199905,
          -0.12512772,
          0.0
        ],
        [
          0.0,
          0.0,
          1.2845836
        ]
      ],
      "offset": [
        0.31191945,
        0.38589025,
        0.0
      ],
      "color": 0.0,
      "linear": 0.0,
      "sinusoidal": 0.0,
      "spherical": 0.0,
      "swirl": 0.0,
      "horseshoe": 0.0,
      "handkerchief": 0.0,
      "julia": 0.0,
      "polar": 0.0,
      "disc": 0.0,
      "rings": 0.0,
      "bubble": 0.0,
      "fisheye": 0.0,
      "exponential": 0.0,
      "spiral": 0.0,
      "diamond": 0.0,
      "bent": 0.0,
      "waves": 1.0,
      "popcorn": 0.0,
      "fan": 0.0,
      "eyefish": 0.0,
      "cross": 0.0,
      "tangent": 0.0,
      "cosine": 0.0,
      "blob": 0.0,
      "noise": 0.0,
      "curl": 0.0,
      "variation_params": {}
    },
    {
      "weight": 0.5268585,
      "affine": [
        [
          0.34734246,
          -0.6467568,
          0.0
        ],
        [
          0.8340444,
          -1.7721757,
          0.0
        ],
        [
          0.0,
          0.0,
          2.6271572
        ]
      ],
      "offset": [
        -0.5005667,
        -0.72821605,
        0.0
      ],
      "color": 0.5,
      "linear": 0.0,
      "sinusoidal": 0.0,
      "spherical": 1.0,
      "swirl": 0.0,
      "horseshoe": 0.0,
      "handkerchief": 0.0,
      "julia": 0.0,
      "polar": 0.0,
      "disc": 0.0,
      "rings": 0.0,
      "bubble": 0.0,
      "fisheye": 0.0,
      "exponential": 0.0,
      "spiral": 0.0,
      "diamond": 0.0,
      "bent": 0.0,
      "waves": 0.0,
      "popcorn": 0.0,
      "fan": 0.0,
      "eyefish": 0.0,
      "cross": 0.0,
      "tangent": 0.0,
      "cosine": 0.0,
      "blob": 0.0,
      "noise": 0.0,
      "curl": 0.0,
      "variation_params": {}
    }
  ],
  "final_transform": null,
  "symmetry": 1,
  "palette": [
    [
      0.76591176,
      0.13755098,
      0.105211996
    ],
    [
      0.75368834,
      0.14541708,
      0.06854927
    ],
    [
      0.74030095,
      0.15332808,
      0.03225854
    ],
    [
      0.72578716,
      0.16128153,
      0.0
    ],
    [
      0.7101877,
      0.16927561,
      0.0
    ],
    [
      0.6935462,
      0.17730838,
      0.0
    ],
    [
      0.67590946,
      0.18537803,
      0.0
    ],
    [
      0.65732694,
      0.19348179,
      0.0
    ],
    [
      0.63785076,
      0.2016186,
      0.0
    ],
    [
      0.6175357,
      0.20978567,
      0.0
    ],
    [
      0.5964384,
      0.21798146,
      0.0
    ],
    [
      0.57461846,
      0.22620316,
      0.0
    ],
    [
      0.5521368,
      0.23444967,
      0.0
    ],
    [
      0.5290566,
      0.24271819,
      0.0
    ],
    [
      0.50544256,
      0.25100687,
      0.0
    ],
    [
      0.48136097,
      0.25931364,
      0.0
    ],
    [
      0.45687932,
      0.26763642,
      0.0
    ],
    [
      0.43206638,
      0.27597332,
      0.0
    ],
    [
      0.40699172,
      0.28432155,
      0.0
    ],
    [
      0.38172564,
      0.29267994,
      0.0
    ],
    [
      0.35633916,
      0.30104572,
      0.0
    ],
    [
      0.33090332,
      0.30941722,
      0.0
    ],
    [
      0.3054895,
      0.31779158,
      0.0
    ],
    [
      0.28016922,
      0.32616773,
      0.0
    ],
    [
      0.2550131,
      0.3345428,
      0.0
    ],
    [
      0.2300922,
      0.34291494,
      0.0
    ],
    [
      0.20547606,
      0.351282,
      0.0
    ],
    [
      0.18123387,
      0.35964194,
      0.0
    ],
    [
      0.1574336,
      0.36799285,
      0.0
    ],
    [
      0.13414206,
      0.3763319,
      0.0
    ],
    [
      0.111424565,
      0.38465798,
      0.0
    ],
    [
      0.08934486,
      0.3929683,
      0.0
    ],
    [
      0.06796491,
      0.40126118,
      0.0
    ],
    [
      0.047344625,
      0.4095338,
      0.0
    ],
    [
      0.027541965,
      0.41778517,
      0.0
    ],
    [
      0.008612335,
      0.42601234,
      0.0
    ],
    [
      0.0,
      0.43421358,
      0.0
    ],
    [
      0.0,
      0.44238675,
      0.0
    ],
    [
      0.0,
      0.4505301,
      0.0
    ],
    [
      0.0,
      0.45864108,
      0.0
    ],
    [
      0.0,
      0.46671763,
      0.0
    ],
    [
      0.0,
      0.47475845,
      0.0
    ],
    [
      0.0,
      0.4827608,
      0.0
    ],
    [
      0.0,
      0.4907229,
      0.0
    ],
    [
      0.0,
      0.49864274,
      0.0
    ],
    [
      0.0,
      0.5065186,
      0.0
    ],
    [
      0.0,
      0.514348,
      0.014126241
    ],
    [
      0.0,
      0.5221291,
      0.050178856
    ],
    [
      0.0,
      0.52986014,
      0.08667067
    ],
    [
      0.0,
      0.53753924,
      0.123468205
    ],
    [
      0.0,
      0.5451641,
      0.16043773
    ],
    [
      0.0,
      0.5527328,
      0.19744462
    ],
    [
      0.0,
      0.5602441,
      0.23435438
    ],
    [
      0.0,
      0.5676954,
      0.271032
    ],
    [
      0.0,
      0.57508504,
      0.3073445
    ],
    [
      0.0,
      0.5824113,
      0.34315902
    ],
    [
      0.0,
      0.5896723,
      0.37834573
    ],
    [
      0.0,
      0.596866,
      0.4127759
    ],
    [
      0.0,
      0.60399073,
      0.44632444
    ],
    [
      0.0,
      0.6110447,
      0.47886917
    ],
    [
      0.0,
      0.6180263,
      0.51029176
    ],
    [
      0.0,
      0.6249334,
      0.5404773
    ],
    [
      0.0,
      0.6317643,
      0.5693164
    ],
    [
      0.0,
      0.63851786,
      0.5967034
    ],
    [
      0.0,
      0.6451919,
      0.6225392
    ],
    [
      0.0,
      0.65178454,
      0.64672923
    ],
    [
      0.014411628,
      0.65829444,
      0.6691857
    ],
    [
      0.033619106,
      0.6647202,
      0.6898265
    ],
    [
      0.053682446,
      0.6710596,
      0.7085767
    ],
    [
      0.07454577,
      0.6773114,
      0.7253679
    ],
    [
      0.09615013,
      0.68347406,
      0.74013925
    ],
    [
      0.11843532,
      0.6895461,
      0.75283647
    ],
    [
      0.14133842,
      0.69552565,
      0.7634138
    ],
    [
      0.16479538,
      0.70141137,
      0.7718322
    ],
    [
      0.18874063,
      0.70720184,
      0.7780614
    ],
    [
      0.21310654,
      0.71289575,
      0.7820786
    ],
    [
      0.23782499,
      0.7184911,
      0.78386927
    ],
    [
      0.26282686,
      0.723987,
      0.78342664
    ],
    [
      0.28804153,
      0.72938216,
      0.78075254
    ],
    [
      0.31339875,
      0.7346748,
      0.77585673
    ],
    [
      0.33882692,
      0.7398639,
      0.76875675
    ],
    [
      0.36425495,
      0.7449479,
      0.7594788
    ],
    [
      0.38961172,
      0.74992585,
      0.74805653
    ],
    [
      0.41482562,
      0.75479615,
      0.7345314
    ],
    [
      0.4398264,
      0.7595577,
      0.7189529
    ],
    [
      0.46454346,
      0.7642094,
      0.70137763
    ],
    [
      0.4889079,
      0.7687501,
      0.68186975
    ],
    [
      0.51285094,
      0.7731783,
      0.66050005
    ],
    [
      0.5363059,
      0.77749324,
      0.637347
    ],
    [
      0.5592064,
      0.78169394,
      0.61249346
    ],
    [
      0.5814888,
      0.785779,
      0.5860319
    ],
    [
      0.60309005,
      0.78974754,
      0.55805695
    ],
    [
      0.62395,
      0.79359853,
      0.52867186
    ],
    [
      0.64400977,
      0.7973312,
      0.49798262
    ],
    [
      0.6632134,
      0.8009443,
      0.46610162
    ],
    [
      0.6815067,
