{
  "name": "mutant-7793",
  "global": {
    "speed": 0.22081251,
    "zoom": 2.8126554,
    "trail": 0.3316463,
    "flame_brightness": 0.36047363
  },
  "kifs": {
    "fold_angle": 1.4722663,
    "scale": 1.5806699,
    "brightness": 0.3
  },
  "transforms": [
    {
      "weight": 0.26437086,
      "a": 1.1892202,
      "b": 0.83613414,
      "c": 0.45875278,
      "d": 0.59432906,
      "offset": [
        0.14889407,
        -0.07204223
      ],
      "color": 0.0,
      "linear": 0.0,
      "sinusoidal": 0.0,
      "spherical": 0.0,
      "swirl": 0.0,
      "horseshoe": 0.0,
      "handkerchief": 0.0,
      "julia": 0.0,
      "polar": 0.0,
      "disc": 0.0,
      "rings": 0.0,
      "bubble": 0.0,
      "fisheye": 0.0,
      "exponential": 0.0,
      "spiral": 0.0,
      "diamond": 0.0,
      "bent": 0.0,
      "waves": 0.0,
      "popcorn": 0.0,
      "fan": 0.0,
      "eyefish": 0.0,
      "cross": 0.0,
      "tangent": 0.0,
      "cosine": 0.0,
      "blob": 1.0,
      "noise": 0.0,
      "curl": 0.0,
      "variation_params": {}
    },
    {
      "weight": 0.22942275,
      "a": 0.6889938,
      "b": -0.4557321,
      "c": 0.9372721,
      "d": 0.5215585,
      "offset": [
        -0.5802994,
        0.026394486
      ],
      "color": 0.33333334,
      "linear": 0.0,
      "sinusoidal": 0.0,
      "spherical": 0.0,
      "swirl": 0.0,
      "horseshoe": 0.0,
      "handkerchief": 0.0,
      "julia": 0.0,
      "polar": 0.0,
      "disc": 0.0,
      "rings": 0.0,
      "bubble": 0.0,
      "fisheye": 0.0,
      "exponential": 0.0,
      "spiral": 0.0,
      "diamond": 0.0,
      "bent": 0.0,
      "waves": 0.0,
      "popcorn": 0.0,
      "fan": 0.0,
      "eyefish": 0.0,
      "cross": 0.0,
      "tangent": 0.0,
      "cosine": 0.0,
      "blob": 1.0,
      "noise": 0.0,
      "curl": 0.0,
      "variation_params": {}
    },
    {
      "weight": 0.50620645,
      "a": -0.47118044,
      "b": 0.7965361,
      "c": -0.11315572,
      "d": -0.6640078,
      "offset": [
        -0.02684009,
        0.057802916
      ],
      "color": 0.6666667,
      "linear": 0.0,
      "sinusoidal": 0.0,
      "spherical": 0.0,
      "swirl": 0.0,
      "horseshoe": 0.0,
      "handkerchief": 0.0,
      "julia": 0.0,
      "polar": 0.0,
      "disc": 0.0,
      "rings": 0.0,
      "bubble": 0.0,
      "fisheye": 0.0,
      "exponential": 0.0,
      "spiral": 0.0,
      "diamond": 0.0,
      "bent": 0.0,
      "waves": 0.0,
      "popcorn": 0.0,
      "fan": 0.0,
      "eyefish": 1.0,
      "cross": 0.0,
      "tangent": 0.0,
      "cosine": 0.0,
      "blob": 0.0,
      "noise": 0.0,
      "curl": 0.0,
      "variation_params": {}
    }
  ],
  "final_transform": null,
  "symmetry": -2,
  "palette": [
    [
      0.5511131,
      0.6132973,
      0.7422099
    ],
    [
      0.5451848,
      0.6135471,
      0.73819727
    ],
    [
      0.53858083,
      0.6137632,
      0.7338629
    ],
    [
      0.5313256,
      0.6139457,
      0.7292113
    ],
    [
      0.5234457,
      0.6140945,
      0.724247
    ],
    [
      0.5149702,
      0.61420965,
      0.71897507
    ],
    [
      0.5059302,
      0.6142911,
      0.7134009
    ],
    [
      0.49635887,
      0.6143387,
      0.7075301
    ],
    [
      0.48629147,
      0.61435264,
      0.7013686
    ],
    [
      0.475765,
      0.61433285,
      0.69492257
    ],
    [
      0.46481818,
      0.6142793,
      0.68819857
    ],
    [
      0.45349118,
      0.6141921,
      0.6812035
    ],
    [
      0.4418257,
      0.61407113,
      0.67394423
    ],
    [
      0.4298646,
      0.6139165,
      0.66642827
    ],
    [
      0.41765183,
      0.61372817,
      0.65866315
    ],
    [
      0.4052323,
      0.6135062,
      0.65065676
    ],
    [
      0.3926517,
      0.61325055,
      0.64241713
    ],
    [
      0.37995625,
      0.6129613,
      0.6339526
    ],
    [
      0.3671926,
      0.6126384,
      0.6252718
    ],
    [
      0.35440773,
      0.612282,
      0.61638343
    ],
    [
      0.34164855,
      0.61189204,
      0.6072965
    ],
    [
      0.32896203,
      0.61146855,
      0.5980202
    ],
    [
      0.3163948,
      0.61101174,
      0.5885639
    ],
    [
      0.30399302,
      0.6105214,
      0.5789372
    ],
    [
      0.29180238,
      0.60999775,
      0.56914985
    ],
    [
      0.27986753,
      0.6094408,
      0.5592116
    ],
    [
      0.2682325,
      0.60885054,
      0.5491326
    ],
    [
      0.25693995,
      0.60822713,
      0.5389231
    ],
    [
      0.2460315,
      0.6075706,
      0.5285933
    ],
    [
      0.23554713,
      0.60688096,
      0.5181537
    ],
    [
      0.22552544,
      0.6061583,
      0.5076149
    ],
    [
      0.21600328,
      0.6054028,
      0.49698752
    ],
    [
      0.20701563,
      0.6046143,
      0.48628223
    ],
    [
      0.1985956,
      0.60379314,
      0.47550994
    ],
    [
      0.19077404,
      0.6029391,
      0.4646815
    ],
    [
      0.18357976,
      0.60205257,
      0.45380792
    ],
    [
      0.17703922,
      0.60113347,
      0.44290012
    ],
    [
      0.17117642,
      0.6001819,
      0.43196914
    ],
    [
      0.16601291,
      0.599198,
      0.4210261
    ],
    [
      0.16156772,
      0.5981817,
      0.41008192
    ],
    [
      0.15785718,
      0.5971334,
      0.39914793
    ],
    [
      0.15489489,
      0.59605294,
      0.3882348
    ],
    [
      0.15269178,
      0.59494054,
      0.37735394
    ],
    [
      0.15125592,
      0.59379625,
      0.36651608
    ],
    [
      0.15059261,
      0.59262013,
      0.35573232
    ],
    [
      0.15070426,
      0.5914126,
      0.3450136
    ],
    [
      0.15159051,
      0.59017336,
      0.33437052
    ],
    [
      0.15324806,
      0.5889029,
      0.32381412
    ],
    [
      0.15567082,
      0.58760095,
      0.3133549
    ],
    [
      0.1588499,
      0.58626795,
      0.30300352
    ],
    [
      0.16277361,
      0.58490396,
      0.29277036
    ],
    [
      0.16742754,
      0.583509,
      0.28266585
    ],
    [
      0.17279454,
      0.58208334,
      0.2727002
    ],
    [
      0.17885485,
      0.58062696,
      0.26288342
    ],
    [
      0.18558633,
      0.57914025,
      0.2532255
    ],
    [
      0.19296414,
      0.5776231,
      0.2437362
    ],
    [
      0.20096113,
      0.5760758,
      0.23442501
    ],
    [
      0.20954797,
      0.5744984,
      0.22530147
    ],
    [
      0.21869302,
      0.57289124,
      0.21637478
    ],
    [
      0.22836275,
      0.57125425,
      0.20765395
    ],
    [
      0.23852162,
      0.5695876,
      0.19914779
    ],
    [
      0.24913216,
      0.56789166,
      0.19086489
    ],
    [
      0.2601554,
      0.5661664,
      0.18281364
    ],
    [
      0.2715509,
      0.5644121,
      0.17500211
    ],
    [
      0.28327692,
      0.56262887,
      0.16743833
    ],
    [
      0.29528993,
      0.5608169,
      0.1601299
    ],
    [
      0.30754602,
      0.5589763,
      0.15308416
    ],
    [
      0.3200001,
      0.55710715,
      0.14630824
    ],
    [
      0.33260655,
      0.5552101,
      0.13980904
    ],
    [
      0.34531876,
      0.55328476,
      0.13359308
    ],
    [
      0.3580901,
      0.5513318,
      0.12766671
    ],
    [
      0.37087375,
      0.549351,
      0.12203589
    ],
    [
      0.38362253,
      0.5473429,
      0.11670625
    ],
    [
      0.39628974,
      0.5453073,
      0.11168328
    ],
    [
      0.40882862,
      0.54324484,
      0.10697195
    ],
    [
      0.42119318,
      0.5411552,
      0.10257709
    ],
    [
      0.43333805,
      0.539039,
      0.0985032
    ],
    [
      0.44521844,
      0.53689647,
      0.09475428
    ],
    [
      0.45679075,
      0.5347276,
      0.091334194
    ],
    [
      0.4680124,
      0.5325327,
      0.088246375
    ],
    [
      0.47884226,
      0.5303118,
      0.08549395
    ],
    [
