{
  "name": "mutant-7499",
  "global": {
    "speed": 0.19467655,
    "zoom": 1.0,
    "trail": 0.34815934,
    "flame_brightness": 0.31948888
  },
  "kifs": {
    "fold_angle": 1.4722663,
    "scale": 1.5806699,
    "brightness": 0.3
  },
  "transforms": [
    {
      "weight": 0.32471785,
      "affine": [
        [
          0.14259043,
          -0.37825212,
          0.0
        ],
        [
          0.031270295,
          1.317971,
          0.0
        ],
        [
          0.0,
          0.0,
          1.0012109
        ]
      ],
      "offset": [
        -0.12618136,
        0.89438665,
        0.0
      ],
      "color": 0.0,
      "linear": 0.0,
      "sinusoidal": 0.0,
      "spherical": 0.0,
      "swirl": 0.0,
      "horseshoe": 0.0,
      "handkerchief": 0.0,
      "julia": 0.0,
      "polar": 0.0,
      "disc": 0.0,
      "rings": 0.0,
      "bubble": 0.0,
      "fisheye": 0.0,
      "exponential": 0.0,
      "spiral": 0.0,
      "diamond": 0.0,
      "bent": 0.0,
      "waves": 0.0,
      "popcorn": 0.0,
      "fan": 0.0,
      "eyefish": 0.0,
      "cross": 1.0,
      "tangent": 0.0,
      "cosine": 0.0,
      "blob": 0.0,
      "noise": 0.0,
      "curl": 0.0,
      "variation_params": {}
    },
    {
      "weight": 0.21817064,
      "affine": [
        [
          1.1039264,
          2.240953,
          0.0
        ],
        [
          -0.06219311,
          -0.0075497986,
          0.0
        ],
        [
          0.0,
          0.0,
          2.2894225
        ]
      ],
      "offset": [
        0.8813245,
        -0.7990469,
        0.0
      ],
      "color": 0.33333334,
      "linear": 0.0,
      "sinusoidal": 0.0,
      "spherical": 0.0,
      "swirl": 0.0,
      "horseshoe": 0.0,
      "handkerchief": 0.0,
      "julia": 0.0,
      "polar": 0.0,
      "disc": 0.0,
      "rings": 1.0,
      "bubble": 0.0,
      "fisheye": 0.0,
      "exponential": 0.0,
      "spiral": 0.0,
      "diamond": 0.0,
      "bent": 0.0,
      "waves": 0.0,
      "popcorn": 0.0,
      "fan": 0.0,
      "eyefish": 0.0,
      "cross": 0.0,
      "tangent": 0.0,
      "cosine": 0.0,
      "blob": 0.0,
      "noise": 0.0,
      "curl": 0.0,
      "variation_params": {}
    },
    {
      "weight": 0.4571115,
      "affine": [
        [
          -0.98691714,
          -0.65518594,
          0.0
        ],
        [
          -0.10022485,
          0.84200406,
          0.0
        ],
        [
          0.0,
          0.0,
          1.0
        ]
      ],
      "offset": [
        0.19582248,
        0.60799885,
        0.0
      ],
      "color": 0.6666667,
      "linear": 0.0,
      "sinusoidal": 0.0,
      "spherical": 0.0,
      "swirl": 0.0,
      "horseshoe": 0.0,
      "handkerchief": 0.0,
      "julia": 0.0,
      "polar": 0.0,
      "disc": 0.0,
      "rings": 0.0,
      "bubble": 0.0,
      "fisheye": 0.0,
      "exponential": 0.0,
      "spiral": 0.0,
      "diamond": 0.0,
      "bent": 0.0,
      "waves": 0.0,
      "popcorn": 0.0,
      "fan": 1.0,
      "eyefish": 0.0,
      "cross": 0.0,
      "tangent": 0.0,
      "cosine": 0.0,
      "blob": 0.0,
      "noise": 0.0,
      "curl": 0.0,
      "variation_params": {}
    }
  ],
  "final_transform": null,
  "symmetry": 6,
  "palette": [
    [
      0.0,
      0.0,
      0.0
    ],
    [
      0.0,
      0.0,
      0.0
    ],
    [
      0.0,
      0.0,
      0.0
    ],
    [
      0.0,
      0.0,
      0.0
    ],
    [
      0.0,
      0.0,
      0.0
    ],
    [
      0.0,
      0.0,
      0.0
    ],
    [
      0.0,
      0.0,
      0.0
    ],
    [
      0.0,
      0.0,
      0.0
    ],
    [
      0.0,
      0.0,
      0.0
    ],
    [
      0.0,
      0.0,
      0.0
    ],
    [
      0.0,
      0.0,
      0.0
    ],
    [
      0.0,
      0.0,
      0.0
    ],
    [
      0.0,
      0.0,
      0.0
    ],
    [
      0.02720167,
      0.0,
      0.0
    ],
    [
      0.06294168,
      0.0,
      0.0
    ],
    [
      0.09864431,
      0.0,
      0.0
    ],
    [
      0.13425264,
      0.0021607634,
      0.004627969
    ],
    [
      0.1697086,
      0.008389648,
      0.013794079
    ],
    [
      0.20495568,
      0.014619477,
      0.022964925
    ],
    [
      0.23993726,
      0.02084911,
      0.03213957
    ],
    [
      0.27459753,
      0.02707858,
      0.041317075
    ],
    [
      0.30888003,
      0.03330753,
      0.050496943
    ],
    [
      0.34272966,
      0.039535597,
      0.05967737
    ],
    [
      0.37609327,
      0.045762822,
      0.068857424
    ],
    [
      0.40891606,
      0.051988054,
      0.07803746
    ],
    [
      0.44114572,
      0.058211334,
      0.08721525
    ],
    [
      0.47273043,
      0.06443269,
      0.0963903
    ],
    [
      0.5036199,
      0.07065059,
      0.10556166
    ],
    [
      0.53376365,
      0.07686624,
      0.114728406
    ],
    [
      0.56311345,
      0.083078116,
      0.12388959
    ],
    [
      0.591623,
      0.08928664,
      0.13304473
    ],
    [
      0.6192459,
      0.09549068,
      0.14219159
    ],
    [
      0.64593714,
      0.10169025,
      0.15133052
    ],
    [
      0.6716548,
      0.10788499,
      0.16046017
    ],
    [
      0.6963576,
      0.11407457,
      0.16958004
    ],
    [
      0.72000515,
      0.12025902,
      0.17868835
    ],
    [
      0.74255985,
      0.12643719,
      0.18778417
    ],
    [
      0.7639854,
      0.1326091,
      0.19686782
    ],
    [
      0.7842477,
      0.13877483,
      0.20593715
    ],
    [
      0.8033137,
      0.14493282,
      0.2149916
    ],
    [
      0.8211529,
      0.15108427,
      0.22403032
    ],
    [
      0.83773685,
      0.15722768,
      0.23305234
    ],
    [
      0.8530389,
      0.16336347,
      0.24205673
    ],
    [
      0.8670341,
      0.1694905,
      0.25104305
    ],
    [
      0.87970036,
      0.17560883,
      0.26000905
    ],
    [
      0.8910173,
      0.18171807,
      0.26895514
    ],
    [
      0.9009666,
      0.18781789,
      0.27787995
    ],
    [
      0.90953225,
      0.19390832,
      0.286783
    ],
    [
      0.9167006,
      0.19998823,
      0.29566258
    ],
    [
      0.9224602,
      0.20605768,
      0.30451775
    ],
    [
      0.92680156,
      0.2121163,
      0.31334883
    ],
    [
      0.9297179,
      0.21816376,
      0.32215372
    ],
    [
      0.93120444,
      0.22420007,
      0.3309319
    ],
    [
      0.93125886,
      0.23022413,
      0.33968255
    ],
    [
      0.9298811,
      0.23623636,
      0.34840468
    ],
    [
      0.92707324,
      0.24223565,
      0.35709748
    ],
    [
      0.9228399,
      0.24822202,
      0.36576042
    ],
    [
      0.9171878,
      0.25419515,
      0.37439185
    ],
    [
      0.9101262,
      0.2601547,
      0.38299084
    ],
    [
      0.9016661,
      0.26610065,
      0.39155775
    ],
    [
      0.89182144,
      0.272032,
      0.40009052
    ],
    [
      0.8806078,
      0.27794868,
      0.40858865
    ],
    [
      0.8680432,
      0.2838504,
      0.4170513
    ],
    [
      0.8541482,
      0.28973684,
      0.42547756
    ],
    [
      0.83894473,
      0.295608,
      0.43386662
    ],
    [
      0.82245713,
      0.3014628,
      0.442218
    ],
    [
      0.8047124,
      0.30730167,
      0.4505297
    ],
    [
      0.78573865,
      0.3131235,
      0.458802
    ],
    [
      0.76556605,
      0.31892836,
      0.4670341
    ],
    [
      0.7442274,
      0.3247159,
      0.47522435
    ],
    [
      0.7217573,
      0.33048576,
      0.4833723
    ],
    [
      0.6981917,
      0.33623806,
      0.49147716
    ],
    [
      0.67356765,
      0.34197164,
      0.49953806
    ],
    [
      0.64792573,
      0.34768653,
      0.50755423
    ],
    [
      0.62130696,
      0.3533825,
      0.5155248
    ],
    [
      0.5937533,
      0.35905915,
      0.523449
    ],
    [
      0.56530946,
      0.36471653,
      0.53132594
    ],
    [
