{
  "name": "mutant-7558",
  "global": {
    "speed": 0.22653088,
    "zoom": 0.0,
    "trail": 0.2832572,
    "flame_brightness": 0.41865283
  },
  "kifs": {
    "fold_angle": 1.4722663,
    "scale": 1.5806699,
    "brightness": 0.3
  },
  "transforms": [
    {
      "weight": 0.6666667,
      "affine": [
        [
          -0.58041394,
          -0.53043747,
          0.0
        ],
        [
          0.23824632,
          -0.83890796,
          0.0
        ],
        [
          0.0,
          0.0,
          1.0
        ]
      ],
      "offset": [
        0.6912302,
        0.8919883,
        0.0
      ],
      "color": 0.0,
      "linear": 0.0,
      "sinusoidal": 0.0,
      "spherical": 0.0,
      "swirl": 0.0,
      "horseshoe": 0.0,
      "handkerchief": 0.0,
      "julia": 0.0,
      "polar": 0.0,
      "disc": 0.0,
      "rings": 0.0,
      "bubble": 0.0,
      "fisheye": 0.0,
      "exponential": 0.0,
      "spiral": 0.0,
      "diamond": 0.0,
      "bent": 0.0,
      "waves": 0.0,
      "popcorn": 0.0,
      "fan": 1.0,
      "eyefish": 0.0,
      "cross": 0.0,
      "tangent": 0.0,
      "cosine": 0.0,
      "blob": 0.0,
      "noise": 0.0,
      "curl": 0.0,
      "variation_params": {}
    },
    {
      "weight": 0.33333334,
      "affine": [
        [
          -0.3228676,
          -0.23391253,
          0.0
        ],
        [
          0.23391253,
          -0.3228676,
          0.0
        ],
        [
          0.0,
          0.0,
          1.2581896
        ]
      ],
      "offset": [
        -0.4943719,
        -1.3428104,
        0.0
      ],
      "color": 0.5,
      "linear": 0.0,
      "sinusoidal": 0.0,
      "spherical": 0.65598464,
      "swirl": 0.0,
      "horseshoe": 0.0,
      "handkerchief": 0.0,
      "julia": 0.0,
      "polar": 0.0,
      "disc": 0.0,
      "rings": 0.0,
      "bubble": 0.0,
      "fisheye": 0.34401536,
      "exponential": 0.0,
      "spiral": 0.0,
      "diamond": 0.0,
      "bent": 0.0,
      "waves": 0.0,
      "popcorn": 0.0,
      "fan": 0.0,
      "eyefish": 0.0,
      "cross": 0.0,
      "tangent": 0.0,
      "cosine": 0.0,
      "blob": 0.0,
      "noise": 0.0,
      "curl": 0.0,
      "variation_params": {}
    }
  ],
  "final_transform": null,
  "symmetry": 6,
  "palette": [
    [
      0.55163324,
      0.55539966,
      0.037476033
    ],
    [
      0.5550903,
      0.5554956,
      0.036337078
    ],
    [
      0.5585346,
      0.5554294,
      0.035657197
    ],
    [
      0.5619658,
      0.5552011,
      0.035437346
    ],
    [
      0.56538373,
      0.5548109,
      0.03567776
    ],
    [
      0.5687876,
      0.55425906,
      0.036378175
    ],
    [
      0.5721773,
      0.55354595,
      0.037537634
    ],
    [
      0.57555217,
      0.552672,
      0.03915459
    ],
    [
      0.57891214,
      0.55163795,
      0.041226923
    ],
    [
      0.5822565,
      0.5504445,
      0.043751866
    ],
    [
      0.585585,
      0.5490924,
      0.046726078
    ],
    [
      0.58889735,
      0.5475826,
      0.050145596
    ],
    [
      0.592193,
      0.5459163,
      0.05400595
    ],
    [
      0.59547174,
      0.54409456,
      0.058301896
    ],
    [
      0.59873295,
      0.54211855,
      0.06302783
    ],
    [
      0.6019765,
      0.5399898,
      0.06817746
    ],
    [
      0.6052017,
      0.5377099,
      0.07374394
    ],
    [
      0.60840845,
      0.5352801,
      0.0797199
    ],
    [
      0.61159635,
      0.53270245,
      0.08609742
    ],
    [
      0.6147648,
      0.5299786,
      0.092868
    ],
    [
      0.6179138,
      0.5271103,
      0.10002273
    ],
    [
      0.62104255,
      0.5240999,
      0.10755202
    ],
    [
      0.6241511,
      0.52094924,
      0.11544591
    ],
    [
      0.6272387,
      0.5176605,
      0.12369403
    ],
    [
      0.6303052,
      0.5142362,
      0.1322853
    ],
    [
      0.6333502,
      0.51067865,
      0.14120838
    ],
    [
      0.6363735,
      0.50699013,
      0.15045147
    ],
    [
      0.6393745,
      0.50317353,
      0.16000229
    ],
    [
      0.64235306,
      0.4992314,
      0.16984808
    ],
    [
      0.64530855,
      0.4951663,
      0.17997585
    ],
    [
      0.64824086,
      0.49098146,
      0.19037215
    ],
    [
      0.6511497,
      0.4866795,
      0.2010232
    ],
    [
      0.6540345,
      0.48226345,
      0.21191487
    ],
    [
      0.65689516,
      0.47773653,
      0.22303283
    ],
    [
      0.65973103,
      0.47310185,
      0.23436208
    ],
    [
      0.66254216,
      0.46836254,
      0.24588786
    ],
    [
      0.6653279,
      0.4635221,
      0.25759444
    ],
    [
      0.668088,
      0.45858392,
      0.26946688
    ],
    [
      0.6708224,
      0.45355117,
      0.28148898
    ],
    [
      0.6735304,
      0.4484277,
      0.29364508
    ],
    [
      0.67621195,
      0.44321692,
      0.30591863
    ],
    [
      0.6788665,
      0.4379224,
      0.31829396
    ],
    [
      0.6814941,
      0.43254805,
      0.33075398
    ],
    [
      0.684094,
      0.4270976,
      0.34328282
    ],
    [
      0.6866662,
      0.42157447,
      0.3558634
    ],
    [
      0.68921036,
      0.41598317,
      0.36847934
    ],
    [
      0.6917261,
      0.41032714,
      0.38111338
    ],
    [
      0.69421315,
      0.4046104,
      0.39374945
    ],
    [
      0.69667125,
      0.3988371,
      0.40637013
    ],
    [
      0.69910014,
      0.39301118,
      0.41895932
    ],
    [
      0.70149934,
      0.3871366,
      0.43149984
    ],
    [
      0.70386887,
      0.38121772,
      0.44397536
    ],
    [
      0.7062082,
      0.37525865,
      0.45636883
    ],
    [
      0.7085171,
      0.3692631,
      0.4686645
    ],
    [
      0.7107955,
      0.36323598,
      0.48084554
    ],
    [
      0.7130429,
      0.357181,
      0.49289614
    ],
    [
      0.7152592,
      0.35110244,
      0.5047998
    ],
    [
      0.717444,
      0.34500474,
      0.51654136
    ],
    [
      0.71959716,
      0.33889204,
      0.52810466
    ],
    [
      0.7217183,
      0.33276856,
      0.53947496
    ],
    [
      0.7238073,
      0.32663885,
      0.55063665
    ],
    [
      0.7258639,
      0.3205069,
      0.5615753
    ],
    [
      0.72788775,
      0.314377,
      0.57227594
    ],
    [
      0.72987866,
      0.30825362,
      0.5827249
    ],
    [
      0.73183656,
      0.30214098,
      0.5929081
    ],
    [
      0.733761,
      0.2960432,
      0.6028118
    ],
    [
      0.73565173,
      0.2899648,
      0.61242336
    ],
    [
      0.7375088,
      0.28390998,
      0.62172955
    ],
    [
      0.7393317,
      0.2778827,
      0.6307182
    ],
    [
      0.74112046,
      0.27188736,
      0.6393774
    ],
    [
      0.74287474,
      0.26592836,
      0.64769566
    ],
    [
      0.74459434,
      0.26000947,
      0.65566194
    ],
    [
      0.746279,
      0.25413522,
      0.6632658
    ],
    [
      0.7479286,
      0.2483093,
      0.67049694
    ],
    [
      0.7495431,
      0.24253602,
      0.6773458
    ],
    [
      0.751122,
      0.2368196,
      0.6838034
    ],
    [
      0.7526653,
      0.23116362,
      0.68986106
    ],
    [
      0.7541728,
      0.22557226,
      0.6955109
    ],
    [
      0.7556443,
      0.22004962,
      0.70074534
    ],
    [
      0.7570796,
      0.21459934,
      0.70555735
    ],
    [
      0.7584785,
      0.20922486,
      0.70994055
    ],
    [
      0.7598411,
      0.20393072,
      0.7138893
    ],
    [
      0.76116693,
      0.19872023,
      0.7173982
    ],
    [
      0.76245594,
      0.19359684,
      0.72046274
    ],
    [
      0.763708,
      0.18856432,
      0.7230787
    ],
    [
      0.764923,
      0.18362635,
      0.7252426
    ],
    [
      0.76610065,
      0.17878605,
      0.72695184
    ],
    [
      0.76724094,
      0.174047,
      0.7282038
    ],
    [
