{
  "name": "mutant-7193",
  "global": {
    "speed": 0.24633342,
    "zoom": 1.0,
    "trail": 0.32541835,
    "flame_brightness": 0.29783264
  },
  "kifs": {
    "fold_angle": 1.4722663,
    "scale": 1.5806699,
    "brightness": 0.3
  },
  "transforms": [
    {
      "weight": 0.4096033,
      "affine": [
        [
          0.015216112,
          -0.93446505,
          0.0
        ],
        [
          0.87944734,
          0.70351875,
          0.0
        ],
        [
          0.0,
          0.0,
          1.0
        ]
      ],
      "offset": [
        0.6008625,
        0.36996305,
        0.0
      ],
      "color": 0.0,
      "linear": 0.0,
      "sinusoidal": 0.0,
      "spherical": 0.0,
      "swirl": 1.0,
      "horseshoe": 0.0,
      "handkerchief": 0.0,
      "julia": 0.0,
      "polar": 0.0,
      "disc": 0.0,
      "rings": 0.0,
      "bubble": 0.0,
      "fisheye": 0.0,
      "exponential": 0.0,
      "spiral": 0.0,
      "diamond": 0.0,
      "bent": 0.0,
      "waves": 0.0,
      "popcorn": 0.0,
      "fan": 0.0,
      "eyefish": 0.0,
      "cross": 0.0,
      "tangent": 0.0,
      "cosine": 0.0,
      "blob": 0.0,
      "noise": 0.0,
      "curl": 0.0,
      "variation_params": {}
    },
    {
      "weight": 0.18903494,
      "affine": [
        [
          0.8,
          0.074266374,
          0.0
        ],
        [
          -0.3,
          0.8846501,
          0.0
        ],
        [
          0.0,
          0.0,
          1.0
        ]
      ],
      "offset": [
        0.0,
        0.0,
        0.0
      ],
      "color": 0.33333334,
      "linear": 0.0,
      "sinusoidal": 0.0,
      "spherical": 0.0,
      "swirl": 0.53334093,
      "horseshoe": 0.0,
      "handkerchief": 0.0,
      "julia": 0.0,
      "polar": 0.0,
      "disc": 0.4666591,
      "rings": 0.0,
      "bubble": 0.0,
      "fisheye": 0.0,
      "exponential": 0.0,
      "spiral": 0.0,
      "diamond": 0.0,
      "bent": 0.0,
      "waves": 0.0,
      "popcorn": 0.0,
      "fan": 0.0,
      "eyefish": 0.0,
      "cross": 0.0,
      "tangent": 0.0,
      "cosine": 0.0,
      "blob": 0.0,
      "noise": 0.0,
      "curl": 0.0,
      "variation_params": {}
    },
    {
      "weight": 0.40136176,
      "affine": [
        [
          -0.9746247,
          -0.7202204,
          0.0
        ],
        [
          -0.7887594,
          -0.7684538,
          0.0
        ],
        [
          0.0,
          0.0,
          1.1057456
        ]
      ],
      "offset": [
        0.7289628,
        -0.25938463,
        0.0
      ],
      "color": 0.6666667,
      "linear": 0.0,
      "sinusoidal": 0.0,
      "spherical": 0.0,
      "swirl": 0.0,
      "horseshoe": 0.0,
      "handkerchief": 0.0,
      "julia": 0.0,
      "polar": 0.0,
      "disc": 0.0,
      "rings": 0.0,
      "bubble": 0.0,
      "fisheye": 0.0,
      "exponential": 0.0,
      "spiral": 0.0,
      "diamond": 0.0,
      "bent": 0.0,
      "waves": 1.0,
      "popcorn": 0.0,
      "fan": 0.0,
      "eyefish": 0.0,
      "cross": 0.0,
      "tangent": 0.0,
      "cosine": 0.0,
      "blob": 0.0,
      "noise": 0.0,
      "curl": 0.0,
      "variation_params": {}
    }
  ],
  "final_transform": null,
  "symmetry": -2,
  "palette": [
    [
      0.18700996,
      0.4942174,
      1.0
    ],
    [
      0.14052665,
      0.5160928,
      1.0
    ],
    [
      0.09363478,
      0.5372543,
      1.0
    ],
    [
      0.04648144,
      0.55767083,
      1.0
    ],
    [
      0.0,
      0.5773143,
      1.0
    ],
    [
      0.0,
      0.5961559,
      1.0
    ],
    [
      0.0,
      0.6141686,
      1.0
    ],
    [
      0.0,
      0.63132733,
      1.0
    ],
    [
      0.0,
      0.64760697,
      1.0
    ],
    [
      0.0,
      0.66298443,
      1.0
    ],
    [
      0.0,
      0.6774374,
      0.9906298
    ],
    [
      0.0,
      0.69094586,
      0.9760815
    ],
    [
      0.0,
      0.70348984,
      0.9596087
    ],
    [
      0.0,
      0.7150517,
      0.94124764
    ],
    [
      0.0,
      0.7256149,
      0.92103755
    ],
    [
      0.0,
      0.7351643,
      0.89902234
    ],
    [
      0.0,
      0.7436863,
      0.8752497
    ],
    [
      0.0,
      0.75116855,
      0.84977055
    ],
    [
      0.0,
      0.75760037,
      0.82264036
    ],
    [
      0.0,
      0.76297283,
      0.7939176
    ],
    [
      0.0,
      0.767278,
      0.7636647
    ],
    [
      0.0,
      0.7705098,
      0.7319468
    ],
    [
      0.0,
      0.7726635,
      0.6988318
    ],
    [
      0.0,
      0.7737361,
      0.6643925
    ],
    [
      0.0,
      0.7737261,
      0.62870276
    ],
    [
      0.0,
      0.7726335,
      0.59183896
    ],
    [
      0.0,
      0.7704599,
      0.55388224
    ],
    [
      0.0,
      0.7672082,
      0.51491404
    ],
    [
      0.0,
      0.7628834,
      0.47501838
    ],
    [
      0.0,
      0.7574914,
      0.43428078
    ],
    [
      0.0,
      0.75104004,
      0.3927909
    ],
    [
      0.0,
      0.74353844,
      0.35063717
    ],
    [
      0.0,
      0.73499745,
      0.30791113
    ],
    [
      0.0,
      0.7254291,
      0.2647056
    ],
    [
      0.0,
      0.7148473,
      0.22111301
    ],
    [
      0.0,
      0.70326734,
      0.1772281
    ],
    [
      0.0,
      0.69070536,
      0.13314566
    ],
    [
      0.0,
      0.6771795,
      0.08896148
    ],
    [
      0.0,
      0.662709,
      0.04476968
    ],
    [
      0.0,
      0.6473148,
      0.000667572
    ],
    [
      0.0,
      0.6310186,
      0.0
    ],
    [
      0.0,
      0.6138441,
      0.0
    ],
    [
      0.0,
      0.5958156,
      0.0
    ],
    [
      0.0,
      0.5769588,
      0.0
    ],
    [
      0.0,
      0.55730146,
      0.0
    ],
    [
      0.0,
      0.5368704,
      0.0
    ],
    [
      0.0,
      0.5156957,
      0.0
    ],
    [
      0.0,
      0.4938072,
      0.0
    ],
    [
      0.0,
      0.4712367,
      0.0
    ],
    [
      0.0,
      0.44801623,
      0.0
    ],
    [
      0.0,
      0.4241787,
      0.0
    ],
    [
      0.0,
      0.39975944,
      0.0
    ],
    [
      0.0,
      0.3747915,
      0.0
    ],
    [
      0.0,
      0.3493119,
      0.0
    ],
    [
      0.0,
      0.32335666,
      0.0
    ],
    [
      0.0,
      0.29696265,
      0.0
    ],
    [
      0.0,
      0.27016827,
      0.0
    ],
    [
      0.0,
      0.24301118,
      0.0
    ],
    [
      0.0,
      0.21553156,
      0.0
    ],
    [
      0.0,
      0.18776631,
      0.0
    ],
    [
      0.020017173,
      0.1597576,
      0.0
    ],
    [
      0.06725196,
      0.13154405,
      0.0
    ],
    [
      0.11430831,
      0.10316606,
      0.0
    ],
    [
      0.16103877,
      0.07466488,
      0.0
    ],
    [
      0.20729606,
      0.0460806,
      0.0
    ],
    [
      0.25293446,
      0.017454797,
      0.0
    ],
    [
      0.2978109,
      0.0,
      0.0
    ],
    [
      0.34178483,
      0.0,
      0.0
    ],
    [
      0.3847173,
      0.0,
      0.0
    ],
    [
      0.4264741,
      0.0,
      0.0
    ],
    [
      0.4669233,
      0.0,
      0.0
    ],
    [
      0.50593853,
      0.0,
      0.0
    ],
    [
      0.5433964,
      0.0,
      0.0
    ],
    [
      0.57918,
      0.0,
      0.0
    ],
    [
      0.6131762,
      0.0,
      0.0
    ],
    [
      0.64527875,
      0.0,
      0.0
    ],
    [
      0.6753863,
      0.0,
      0.0
    ],
    [
      0.70340466,
      0.0,
      0.0
    ],
    [
      0.72924536,
      0.0,
      0.0
    ],
    [
      0.7528274,
      0.0,
      0.0
    ],
    [
      0.77407694,
      0.0,
      0.0
    ],
    [
      0.7929267,
      0.0,
      0.0
    ],
    [
      0.80931795,
      0.0,
      0.0
    ],
    [
      0.8231988,
      0.0,
      0.0
    ],
    [
      0.83452576,
      0.0,
      0.0
    ],
    [
      0.8432633,
      0.0,
      0.0
    ],
    [
      0.8493839,
      0.0,
      0.0
    ],
    [
