{
  "name": "mutant-9697",
  "global": {
    "speed": 0.21843648,
    "zoom": 1.0,
    "trail": 0.31819054,
    "flame_brightness": 0.3376661
  },
  "kifs": {
    "fold_angle": 1.4722663,
    "scale": 1.5806699,
    "brightness": 0.3
  },
  "transforms": [
    {
      "weight": 0.38893875,
      "affine": [
        [
          -0.91074806,
          0.2776741,
          0.0
        ],
        [
          -0.10421169,
          1.0094949,
          0.0
        ],
        [
          0.0,
          0.0,
          0.78611165
        ]
      ],
      "offset": [
        -0.0416126,
        -0.262334,
        -0.28997922
      ],
      "color": 0.0,
      "linear": 0.0,
      "sinusoidal": 0.0,
      "spherical": 1.0,
      "swirl": 0.0,
      "horseshoe": 0.0,
      "handkerchief": 0.0,
      "julia": 0.0,
      "polar": 0.0,
      "disc": 0.0,
      "rings": 0.0,
      "bubble": 0.0,
      "fisheye": 0.0,
      "exponential": 0.0,
      "spiral": 0.0,
      "diamond": 0.0,
      "bent": 0.0,
      "waves": 0.0,
      "popcorn": 0.0,
      "fan": 0.0,
      "eyefish": 0.0,
      "cross": 0.0,
      "tangent": 0.0,
      "cosine": 0.0,
      "blob": 0.0,
      "noise": 0.0,
      "curl": 0.0,
      "variation_params": {}
    },
    {
      "weight": 0.2595782,
      "affine": [
        [
          0.5980911,
          0.072180174,
          0.0
        ],
        [
          -0.15459976,
          0.6193957,
          0.0
        ],
        [
          0.0,
          0.0,
          1.0
        ]
      ],
      "offset": [
        0.97852635,
        0.61085486,
        0.0
      ],
      "color": 0.33333334,
      "linear": 0.0,
      "sinusoidal": 0.0,
      "spherical": 0.0,
      "swirl": 0.0,
      "horseshoe": 0.0,
      "handkerchief": 0.0,
      "julia": 0.0,
      "polar": 0.0,
      "disc": 1.0,
      "rings": 0.0,
      "bubble": 0.0,
      "fisheye": 0.0,
      "exponential": 0.0,
      "spiral": 0.0,
      "diamond": 0.0,
      "bent": 0.0,
      "waves": 0.0,
      "popcorn": 0.0,
      "fan": 0.0,
      "eyefish": 0.0,
      "cross": 0.0,
      "tangent": 0.0,
      "cosine": 0.0,
      "blob": 0.0,
      "noise": 0.0,
      "curl": 0.0,
      "variation_params": {}
    },
    {
      "weight": 0.35148308,
      "affine": [
        [
          -0.25922313,
          -0.31532693,
          0.0
        ],
        [
          0.32759416,
          -0.75408506,
          0.0
        ],
        [
          0.0,
          0.0,
          1.0040982
        ]
      ],
      "offset": [
        0.0067765713,
        -0.90025556,
        0.0
      ],
      "color": 0.6666667,
      "linear": 0.0,
      "sinusoidal": 0.0,
      "spherical": 0.0,
      "swirl": 0.0,
      "horseshoe": 0.0,
      "handkerchief": 0.0,
      "julia": 0.0,
      "polar": 0.0,
      "disc": 0.0,
      "rings": 0.0,
      "bubble": 0.0,
      "fisheye": 1.0,
      "exponential": 0.0,
      "spiral": 0.0,
      "diamond": 0.0,
      "bent": 0.0,
      "waves": 0.0,
      "popcorn": 0.0,
      "fan": 0.0,
      "eyefish": 0.0,
      "cross": 0.0,
      "tangent": 0.0,
      "cosine": 0.0,
      "blob": 0.0,
      "noise": 0.0,
      "curl": 0.0,
      "variation_params": {}
    }
  ],
  "final_transform": null,
  "symmetry": 1,
  "palette": [
    [
      0.0,
      0.0,
      0.0
    ],
    [
      0.0,
      0.0,
      0.0
    ],
    [
      0.0,
      0.0,
      0.0
    ],
    [
      0.0,
      0.0,
      0.0
    ],
    [
      0.0,
      0.0,
      0.0
    ],
    [
      0.0,
      0.0,
      0.0
    ],
    [
      0.0,
      0.0,
      0.0
    ],
    [
      0.0,
      0.0,
      0.0
    ],
    [
      0.0,
      0.0,
      0.0
    ],
    [
      0.0,
      0.0,
      0.0
    ],
    [
      0.0,
      0.0,
      0.0
    ],
    [
      0.0,
      0.0,
      0.0
    ],
    [
      0.0,
      0.0,
      0.0
    ],
    [
      0.0,
      0.0,
      0.0
    ],
    [
      0.0,
      0.0,
      0.0
    ],
    [
      0.0,
      0.0,
      0.0
    ],
    [
      0.0,
      0.0,
      0.0
    ],
    [
      0.0,
      0.0,
      0.0
    ],
    [
      0.0,
      0.0,
      0.0
    ],
    [
      0.0,
      0.0,
      0.0
    ],
    [
      0.0,
      0.0,
      0.0
    ],
    [
      0.0,
      0.0,
      0.0
    ],
    [
      0.0,
      0.0,
      0.0
    ],
    [
      0.0,
      0.0,
      0.0
    ],
    [
      0.0,
      0.0,
      0.0
    ],
    [
      0.0,
      0.0,
      0.0
    ],
    [
      0.0,
      0.0,
      0.0
    ],
    [
      0.0,
      0.0,
      0.0
    ],
    [
      0.01381972,
      0.0,
      0.0
    ],
    [
      0.05215321,
      0.0,
      0.0
    ],
    [
      0.09044149,
      0.0,
      0.0
    ],
    [
      0.12861921,
      0.0,
      0.0
    ],
    [
      0.16662167,
      0.0,
      0.0
    ],
    [
      0.20438446,
      0.0,
      0.0
    ],
    [
      0.24184361,
      0.0,
      0.0
    ],
    [
      0.27893516,
      0.0,
      0.0
    ],
    [
      0.31559712,
      0.01719892,
      0.0
    ],
    [
      0.351767,
      0.062889434,
      0.0
    ],
    [
      0.38738337,
      0.108676076,
      0.0
    ],
    [
      0.422386,
      0.1544022,
      0.0
    ],
    [
      0.45671505,
      0.19991104,
      0.0
    ],
    [
      0.49031362,
      0.24504763,
      0.0
    ],
    [
      0.5231232,
      0.28965685,
      0.0
    ],
    [
      0.55508924,
      0.3335868,
      0.0
    ],
    [
      0.58615726,
      0.3766869,
      0.0
    ],
    [
      0.61627465,
      0.41880962,
      0.0
    ],
    [
      0.6453903,
      0.4598106,
      0.0
    ],
    [
      0.6734545,
      0.49954993,
      0.0
    ],
    [
      0.7004205,
      0.5378919,
      0.012491163
    ],
    [
      0.7262421,
      0.5747052,
      0.051532183
    ],
    [
      0.75087565,
      0.6098634,
      0.09054734
    ],
    [
      0.77427936,
      0.6432469,
      0.12946019
    ],
    [
      0.7964135,
      0.6747412,
      0.16819748
    ],
    [
      0.8172404,
      0.70423836,
      0.20668459
    ],
    [
      0.83672523,
      0.73163766,
      0.24484782
    ],
    [
      0.8548348,
      0.75684583,
      0.28261364
    ],
    [
      0.8715382,
      0.77977586,
      0.31991053
    ],
    [
      0.8868074,
      0.8003498,
      0.35666707
    ],
    [
      0.90061635,
      0.81849694,
      0.39281163
    ],
    [
      0.91294163,
      0.8341556,
      0.42827624
    ],
    [
      0.9237623,
      0.8472718,
      0.4629921
    ],
    [
      0.9330602,
      0.85780114,
      0.49689355
    ],
    [
      0.9408196,
      0.86570716,
      0.5299152
    ],
    [
      0.9470272,
      0.870963,
      0.5619939
    ],
    [
      0.95167255,
      0.8735507,
      0.5930682
    ],
    [
      0.95474774,
      0.87346137,
      0.62307847
    ],
    [
      0.95624757,
      0.87069535,
      0.65196735
    ],
    [
      0.9561694,
      0.8652621,
      0.67967904
    ],
    [
      0.9545136,
      0.8571801,
      0.70616126
    ],
    [
      0.9512828,
      0.84647715,
      0.73136324
    ],
    [
      0.94648254,
      0.83318967,
      0.7552358
    ],
    [
      0.940121,
      0.8173633,
      0.777734
    ],
    [
      0.93220866,
      0.7990521,
      0.79881454
    ],
    [
      0.92275923,
      0.7783189,
      0.81843686
    ],
    [
      0.9117889,
      0.7552342,
      0.83656377
    ],
    [
      0.89931595,
      0.7298777,
      0.8531603
    ],
    [
      0.8853613,
      0.70233524,
      0.86819476
    ],
    [
      0.86994904,
      0.6727015,
      0.8816383
    ],
    [
      0.8531054,
      0.6410777,
      0.8934651
    ],
    [
      0.8348582,
      0.60757226,
      0.9036525
    ],
    [
      0.815239,
      0.5722995,
      0.91218114
    ],
    [
      0.7942812,
      0.5353806,
      0.91903466
    ],
    [
      0.7720199,
      0.4969419,
      0.9241998
    ],
    [
      0.74849284,
      0.45711347,
      0.9276667
    ],
    [
      0.7237395,
