{
  "name": "mutant-6966",
  "global": {
    "speed": 0.22414331,
    "zoom": 1.0,
    "trail": 0.33637273,
    "flame_brightness": 0.29935315
  },
  "kifs": {
    "fold_angle": 1.4722663,
    "scale": 1.5806699,
    "brightness": 0.3
  },
  "transforms": [
    {
      "weight": 0.52619064,
      "affine": [
        [
          -0.8786092,
          -1.4714246,
          0.0
        ],
        [
          0.870386,
          1.3416076,
          0.0
        ],
        [
          0.0,
          0.0,
          1.9615808
        ]
      ],
      "offset": [
        0.9083383,
        0.7349924,
        0.0
      ],
      "color": 0.0,
      "linear": 0.0,
      "sinusoidal": 0.0,
      "spherical": 0.0,
      "swirl": 0.0,
      "horseshoe": 0.0,
      "handkerchief": 0.0,
      "julia": 0.0,
      "polar": 0.0,
      "disc": 0.0,
      "rings": 0.0,
      "bubble": 0.0,
      "fisheye": 0.0,
      "exponential": 0.0,
      "spiral": 0.0,
      "diamond": 0.0,
      "bent": 0.0,
      "waves": 1.0,
      "popcorn": 0.0,
      "fan": 0.0,
      "eyefish": 0.0,
      "cross": 0.0,
      "tangent": 0.0,
      "cosine": 0.0,
      "blob": 0.0,
      "noise": 0.0,
      "curl": 0.0,
      "variation_params": {}
    },
    {
      "weight": 0.29698873,
      "affine": [
        [
          0.41687375,
          0.5973066,
          0.0
        ],
        [
          0.110783264,
          -0.39810243,
          0.0
        ],
        [
          0.35143718,
          0.0,
          1.2436782
        ]
      ],
      "offset": [
        0.3826766,
        0.6051949,
        0.0
      ],
      "color": 0.33333334,
      "linear": 0.0,
      "sinusoidal": 0.0,
      "spherical": 0.0,
      "swirl": 0.0,
      "horseshoe": 1.0,
      "handkerchief": 0.0,
      "julia": 0.0,
      "polar": 0.0,
      "disc": 0.0,
      "rings": 0.0,
      "bubble": 0.0,
      "fisheye": 0.0,
      "exponential": 0.0,
      "spiral": 0.0,
      "diamond": 0.0,
      "bent": 0.0,
      "waves": 0.0,
      "popcorn": 0.0,
      "fan": 0.0,
      "eyefish": 0.0,
      "cross": 0.0,
      "tangent": 0.0,
      "cosine": 0.0,
      "blob": 0.0,
      "noise": 0.0,
      "curl": 0.0,
      "variation_params": {}
    },
    {
      "weight": 0.17682062,
      "affine": [
        [
          -1.0177364,
          -1.0818372,
          0.0
        ],
        [
          0.20617233,
          0.6918359,
          0.0
        ],
        [
          0.0,
          0.0,
          1.455115
        ]
      ],
      "offset": [
        -0.336206,
        0.0958816,
        0.0
      ],
      "color": 0.6666667,
      "linear": 0.0,
      "sinusoidal": 0.0,
      "spherical": 0.0,
      "swirl": 0.0,
      "horseshoe": 0.0,
      "handkerchief": 0.0,
      "julia": 0.0,
      "polar": 0.0,
      "disc": 0.0,
      "rings": 0.0,
      "bubble": 0.0,
      "fisheye": 0.0,
      "exponential": 0.0,
      "spiral": 0.0,
      "diamond": 0.0,
      "bent": 0.0,
      "waves": 0.0,
      "popcorn": 0.0,
      "fan": 0.0,
      "eyefish": 0.0,
      "cross": 0.0,
      "tangent": 0.0,
      "cosine": 0.0,
      "blob": 0.0,
      "noise": 0.0,
      "curl": 1.0,
      "variation_params": {}
    }
  ],
  "final_transform": null,
  "symmetry": 5,
  "palette": [
    [
      0.4972303,
      0.7989209,
      0.24568062
    ],
    [
      0.52463114,
      0.8075689,
      0.2686373
    ],
    [
      0.5516188,
      0.81573206,
      0.29166257
    ],
    [
      0.57814527,
      0.823403,
      0.3146946
    ],
    [
      0.60416317,
      0.8305751,
      0.33767086
    ],
    [
      0.62962615,
      0.83724225,
      0.36052904
    ],
    [
      0.6544886,
      0.8433986,
      0.38320774
    ],
    [
      0.6787057,
      0.8490387,
      0.40564543
    ],
    [
      0.7022345,
      0.8541578,
      0.42778116
    ],
    [
      0.7250328,
      0.85875154,
      0.44955564
    ],
    [
      0.74705994,
      0.86281574,
      0.4709096
    ],
    [
      0.76827633,
      0.866347,
      0.49178526
    ],
    [
      0.7886441,
      0.86934215,
      0.51212645
    ],
    [
      0.80812716,
      0.87179863,
      0.5318778
    ],
    [
      0.8266902,
      0.8737144,
      0.55098635
    ],
    [
      0.8443005,
      0.87508774,
      0.5694
    ],
    [
      0.86092603,
      0.8759174,
      0.58706945
    ],
    [
      0.87653756,
      0.8762027,
      0.6039463
    ],
    [
      0.89110684,
      0.8759435,
      0.6199853
    ],
    [
      0.90460813,
      0.87513983,
      0.63514304
    ],
    [
      0.917017,
      0.8737925,
      0.64937854
    ],
    [
      0.9283112,
      0.8719026,
      0.6626532
    ],
    [
      0.93847084,
      0.86947197,
      0.6749313
    ],
    [
      0.9474778,
      0.8665025,
      0.6861794
    ],
    [
      0.9553156,
      0.86299676,
      0.6963672
    ],
    [
      0.9619703,
      0.85895807,
      0.7054672
    ],
    [
      0.96743035,
      0.8543896,
      0.71345484
    ],
    [
      0.97168577,
      0.84929544,
      0.7203084
    ],
    [
      0.9747288,
      0.8436802,
      0.72600925
    ],
    [
      0.97655416,
      0.8375485,
      0.73054224
    ],
    [
      0.97715867,
      0.83090556,
      0.73389494
    ],
    [
      0.97654104,
      0.8237576,
      0.7360583
    ],
    [
      0.9747025,
      0.8161102,
      0.7370265
    ],
    [
      0.9716463,
      0.8079705,
      0.7367969
    ],
    [
      0.967378,
      0.7993456,
      0.73537016
    ],
    [
      0.9619051,
      0.79024243,
      0.7327502
    ],
    [
      0.9552374,
      0.7806694,
      0.7289438
    ],
    [
      0.94738686,
      0.7706348,
      0.7239617
    ],
    [
      0.9383676,
      0.76014686,
      0.717817
    ],
    [
      0.9281957,
      0.7492152,
      0.71052647
    ],
    [
      0.9168892,
      0.73784924,
      0.7021098
    ],
    [
      0.90446854,
      0.72605836,
      0.6925899
    ],
    [
      0.8909558,
      0.7138535,
      0.6819922
    ],
    [
      0.87637484,
      0.7012447,
      0.67034554
    ],
    [
      0.86075246,
      0.68824285,
      0.6576816
    ],
    [
      0.8441161,
      0.6748599,
      0.6440342
    ],
    [
      0.82649565,
      0.6611066,
      0.62944055
    ],
    [
      0.807922,
      0.64699554,
      0.6139401
    ],
    [
      0.7884295,
      0.63253886,
      0.59757465
    ],
    [
      0.76805234,
      0.61774856,
      0.5803885
    ],
    [
      0.7468268,
      0.6026381,
      0.56242824
    ],
    [
      0.72479135,
      0.58722067,
      0.5437422
    ],
    [
      0.70198506,
      0.57150877,
      0.52438104
    ],
    [
      0.6784488,
      0.55551714,
      0.5043973
    ],
    [
      0.65422404,
      0.53925884,
      0.48384458
    ],
    [
      0.6293552,
      0.522748,
      0.46277875
    ],
    [
      0.6038862,
      0.5059997,
      0.4412569
    ],
    [
      0.577862,
      0.48902738,
      0.41933692
    ],
    [
      0.5513303,
      0.4718467,
      0.39707816
    ],
    [
      0.52433795,
      0.45447242,
      0.3745411
    ],
    [
      0.49693322,
      0.43691885,
      0.3517863
    ],
    [
      0.46916482,
      0.4192021,
      0.3288754
    ],
    [
      0.44108295,
      0.40133744,
      0.3058706
    ],
    [
      0.4127376,
      0.38333958,
      0.28283373
    ],
    [
      0.38417876,
      0.36522496,
      0.25982726
    ],
    [
      0.3554588,
      0.34700933,
      0.23691362
    ],
    [
      0.3266284,
      0.3287076,
      0.21415433
    ],
    [
      0.29773843,
      0.31033623,
      0.19161141
    ],
    [
      0.26884192,
      0.29191175,
      0.16934513
    ],
    [
      0.23998986,
      0.27344927,
      0.14741655
    ],
    [
      0.21123351,
      0.2549648,
      0.12588458
    ],
    [
      0.18262494,
      0.23647523,
      0.10480702
    ],
    [
      0.15421495,
      0.21799576,
      0.08424164
    ],
    [
      0.12605436,
