{
  "name": "mutant-3334",
  "global": {
    "speed": 0.21066478,
    "zoom": 1.0,
    "trail": 0.31948292,
    "flame_brightness": 0.32993972
  },
  "kifs": {
    "fold_angle": 1.4722663,
    "scale": 1.5806699,
    "brightness": 0.3
  },
  "transforms": [
    {
      "weight": 0.5635425,
      "affine": [
        [
          -0.67029524,
          0.6690885,
          0.0
        ],
        [
          0.090147614,
          0.9950632,
          0.0
        ],
        [
          0.0,
          0.0,
          1.0
        ]
      ],
      "offset": [
        -0.7490195,
        0.102002025,
        0.0
      ],
      "color": 0.0,
      "linear": 0.0,
      "sinusoidal": 0.0,
      "spherical": 0.0,
      "swirl": 1.0,
      "horseshoe": 0.0,
      "handkerchief": 0.0,
      "julia": 0.0,
      "polar": 0.0,
      "disc": 0.0,
      "rings": 0.0,
      "bubble": 0.0,
      "fisheye": 0.0,
      "exponential": 0.0,
      "spiral": 0.0,
      "diamond": 0.0,
      "bent": 0.0,
      "waves": 0.0,
      "popcorn": 0.0,
      "fan": 0.0,
      "eyefish": 0.0,
      "cross": 0.0,
      "tangent": 0.0,
      "cosine": 0.0,
      "blob": 0.0,
      "noise": 0.0,
      "curl": 0.0,
      "variation_params": {}
    },
    {
      "weight": 0.07782577,
      "affine": [
        [
          0.953766,
          0.43268,
          0.0
        ],
        [
          0.48396,
          -0.0542476,
          0.0
        ],
        [
          0.0,
          0.0,
          1.0
        ]
      ],
      "offset": [
        0.642503,
        -0.995898,
        0.0
      ],
      "color": 0.33333334,
      "linear": 0.0,
      "sinusoidal": 0.0,
      "spherical": 1.0,
      "swirl": 0.0,
      "horseshoe": 0.0,
      "handkerchief": 0.0,
      "julia": 0.0,
      "polar": 0.0,
      "disc": 0.0,
      "rings": 0.0,
      "bubble": 0.0,
      "fisheye": 0.0,
      "exponential": 0.0,
      "spiral": 0.0,
      "diamond": 0.0,
      "bent": 0.0,
      "waves": 0.0,
      "popcorn": 0.0,
      "fan": 0.0,
      "eyefish": 0.0,
      "cross": 0.0,
      "tangent": 0.0,
      "cosine": 0.0,
      "blob": 0.0,
      "noise": 0.0,
      "curl": 0.0,
      "variation_params": {}
    },
    {
      "weight": 0.3586318,
      "affine": [
        [
          1.7774475,
          -1.1549702,
          0.0
        ],
        [
          1.6238812,
          -0.9929698,
          0.0
        ],
        [
          0.0,
          0.0,
          1.8086009
        ]
      ],
      "offset": [
        -0.44183075,
        -0.50565183,
        0.0
      ],
      "color": 0.6666667,
      "linear": 0.0,
      "sinusoidal": 0.0,
      "spherical": 0.0,
      "swirl": 0.0,
      "horseshoe": 0.0,
      "handkerchief": 0.0,
      "julia": 0.0,
      "polar": 0.0,
      "disc": 0.0,
      "rings": 0.0,
      "bubble": 0.0,
      "fisheye": 0.0,
      "exponential": 0.0,
      "spiral": 0.0,
      "diamond": 0.0,
      "bent": 0.0,
      "waves": 0.0,
      "popcorn": 1.0,
      "fan": 0.0,
      "eyefish": 0.0,
      "cross": 0.0,
      "tangent": 0.0,
      "cosine": 0.0,
      "blob": 0.0,
      "noise": 0.0,
      "curl": 0.0,
      "variation_params": {}
    }
  ],
  "final_transform": null,
  "symmetry": 6,
  "palette": [
    [
      0.34920132,
      0.451259,
      0.14477034
    ],
    [
      0.34770674,
      0.44410732,
      0.14715694
    ],
    [
      0.3462005,
      0.4369629,
      0.14957142
    ],
    [
      0.3446828,
      0.4298296,
      0.15201324
    ],
    [
      0.34315386,
      0.42271155,
      0.15448213
    ],
    [
      0.34161386,
      0.41561252,
      0.15697764
    ],
    [
      0.34006295,
      0.40853667,
      0.15949938
    ],
    [
      0.33850133,
      0.40148783,
      0.16204691
    ],
    [
      0.33692926,
      0.39446995,
      0.16461982
    ],
    [
      0.33534688,
      0.38748696,
      0.16721769
    ],
    [
      0.3337544,
      0.38054273,
      0.16984007
    ],
    [
      0.332152,
      0.3736412,
      0.17248654
    ],
    [
      0.3305399,
      0.36678612,
      0.17515668
    ],
    [
      0.32891834,
      0.35998142,
      0.17785004
    ],
    [
      0.32728747,
      0.3532308,
      0.18056618
    ],
    [
      0.3256475,
      0.34653813,
      0.18330464
    ],
    [
      0.32399866,
      0.33990705,
      0.18606499
    ],
    [
      0.3223411,
      0.33334127,
      0.18884672
    ],
    [
      0.32067513,
      0.32684454,
      0.19164945
    ],
    [
      0.31900087,
      0.32042038,
      0.19447267
    ],
    [
      0.31731856,
      0.31407243,
      0.19731593
    ],
    [
      0.3156284,
      0.30780423,
      0.20017877
    ],
    [
      0.31393063,
      0.30161923,
      0.20306069
    ],
    [
      0.31222543,
      0.2955209,
      0.20596123
    ],
    [
      0.31051302,
      0.28951272,
      0.20887992
    ],
    [
      0.3087936,
      0.28359795,
      0.21181616
    ],
    [
      0.30706742,
      0.27777988,
      0.2147698
    ],
    [
      0.3053347,
      0.27206182,
      0.21774001
    ],
    [
      0.3035956,
      0.26644695,
      0.22072645
    ],
    [
      0.30185038,
      0.2609384,
      0.2237286
    ],
    [
      0.30009928,
      0.25553924,
      0.22674583
    ],
    [
      0.29834247,
      0.25025237,
      0.22977802
    ],
    [
      0.2965802,
      0.24508092,
      0.2328243
    ],
    [
      0.29481268,
      0.2400277,
      0.23588432
    ],
    [
      0.29304013,
      0.23509549,
      0.23895743
    ],
    [
      0.29126278,
      0.2302871,
      0.2420435
    ],
    [
      0.28948084,
      0.22560519,
      0.24514163
    ],
    [
      0.28769454,
      0.22105241,
      0.24825145
    ],
    [
      0.28590414,
      0.21663116,
      0.25137246
    ],
    [
      0.28410977,
      0.21234407,
      0.254504
    ],
    [
      0.28231174,
      0.20819347,
      0.25764593
    ],
    [
      0.28051025,
      0.2041817,
      0.26079738
    ],
    [
      0.2787055,
      0.20031089,
      0.26395792
    ],
    [
      0.2768978,
      0.19658333,
      0.26712695
    ],
    [
      0.27508724,
      0.19300106,
      0.27030414
    ],
    [
      0.27327415,
      0.18956605,
      0.27348903
    ],
    [
      0.27145875,
      0.18628022,
      0.2766808
    ],
    [
      0.26964122,
      0.18314546,
      0.27987906
    ],
    [
      0.26782182,
      0.1801635,
      0.28308317
    ],
    [
      0.26600078,
      0.17733589,
      0.28629297
    ],
    [
      0.26417828,
      0.17466438,
      0.28950754
    ],
    [
      0.26235464,
      0.17215034,
      0.29272652
    ],
    [
      0.26053,
      0.16979524,
      0.29594922
    ],
    [
      0.25870463,
      0.16760036,
      0.29917535
    ],
    [
      0.25687876,
      0.16556689,
      0.30240437
    ],
    [
      0.25505263,
      0.16369605,
      0.30563557
    ],
    [
      0.25322637,
      0.1619888,
      0.30886847
    ],
    [
      0.25140035,
      0.16044614,
      0.31210244
    ],
    [
      0.24957472,
      0.15906897,
      0.31533718
    ],
    [
      0.24774973,
      0.15785798,
      0.3185722
    ],
    [
      0.2459256,
      0.15681383,
      0.32180664
    ],
    [
      0.24410257,
      0.1559372,
      0.32504007
    ],
    [
      0.24228086,
      0.15522853,
      0.3282721
    ],
    [
      0.24046068,
      0.15468818,
      0.33150217
    ],
    [
      0.23864225,
      0.15431648,
      0.3347298
    ],
    [
      0.23682584,
      0.15411365,
      0.33795425
    ],
    [
      0.23501167,
      0.1540798,
      0.34117496
    ],
    [
      0.23319995,
      0.15421495,
      0.3443917
    ],
    [
      0.23139091,
      0.15451902,
      0.34760386
    ],
    [
      0.22958477,
      0.15499184,
      0.35081074
    ],
    [
      0.22778177,
      0.15563315,
      0.35401174
    ],
    [
      0.22598214,
      0.15644252,
      0.35720664
    ],
    [
      0.22418611,
      0.15741965,
