{
  "name": "mutant-4529",
  "global": {
    "speed": 0.22032829,
    "zoom": 1.1985803,
    "trail": 0.3480343,
    "flame_brightness": 0.3750374
  },
  "kifs": {
    "fold_angle": 1.4722663,
    "scale": 1.5806699,
    "brightness": 0.3
  },
  "transforms": [
    {
      "weight": 0.5681363,
      "a": -0.48117223,
      "b": -1.1977085,
      "c": 0.30246547,
      "d": 0.6067445,
      "offset": [
        -0.5917425,
        -0.8226539
      ],
      "color": 0.0,
      "linear": 0.0,
      "sinusoidal": 0.0,
      "spherical": 0.0,
      "swirl": 0.0,
      "horseshoe": 0.0,
      "handkerchief": 0.0,
      "julia": 0.0,
      "polar": 0.0,
      "disc": 0.0,
      "rings": 0.0,
      "bubble": 0.0,
      "fisheye": 0.0,
      "exponential": 0.0,
      "spiral": 0.0,
      "diamond": 0.0,
      "bent": 0.0,
      "waves": 0.0,
      "popcorn": 0.0,
      "fan": 0.0,
      "eyefish": 1.0,
      "cross": 0.0,
      "tangent": 0.0,
      "cosine": 0.0,
      "blob": 0.0,
      "noise": 0.0,
      "curl": 0.0,
      "variation_params": {}
    },
    {
      "weight": 0.2702929,
      "a": 0.58796895,
      "b": -0.2888111,
      "c": 0.65189767,
      "d": 0.57194614,
      "offset": [
        -0.22881043,
        0.39325607
      ],
      "color": 0.33333334,
      "linear": 0.0,
      "sinusoidal": 0.0,
      "spherical": 0.0,
      "swirl": 0.0,
      "horseshoe": 0.0,
      "handkerchief": 0.0,
      "julia": 0.0,
      "polar": 0.0,
      "disc": 1.0,
      "rings": 0.0,
      "bubble": 0.0,
      "fisheye": 0.0,
      "exponential": 0.0,
      "spiral": 0.0,
      "diamond": 0.0,
      "bent": 0.0,
      "waves": 0.0,
      "popcorn": 0.0,
      "fan": 0.0,
      "eyefish": 0.0,
      "cross": 0.0,
      "tangent": 0.0,
      "cosine": 0.0,
      "blob": 0.0,
      "noise": 0.0,
      "curl": 0.0,
      "variation_params": {}
    },
    {
      "weight": 0.16157086,
      "a": 0.23792839,
      "b": -0.89774907,
      "c": 0.523038,
      "d": -0.035173893,
      "offset": [
        0.35740113,
        0.4307139
      ],
      "color": 0.6666667,
      "linear": 0.0,
      "sinusoidal": 0.0,
      "spherical": 0.0,
      "swirl": 0.0,
      "horseshoe": 0.0,
      "handkerchief": 0.0,
      "julia": 0.0,
      "polar": 0.0,
      "disc": 0.0,
      "rings": 0.0,
      "bubble": 0.0,
      "fisheye": 0.0,
      "exponential": 0.0,
      "spiral": 1.0,
      "diamond": 0.0,
      "bent": 0.0,
      "waves": 0.0,
      "popcorn": 0.0,
      "fan": 0.0,
      "eyefish": 0.0,
      "cross": 0.0,
      "tangent": 0.0,
      "cosine": 0.0,
      "blob": 0.0,
      "noise": 0.0,
      "curl": 0.0,
      "variation_params": {}
    }
  ],
  "final_transform": null,
  "symmetry": 2,
  "palette": [
    [
      0.0,
      0.15959689,
      0.5737045
    ],
    [
      0.0,
      0.16051012,
      0.5705687
    ],
    [
      0.0,
      0.16238415,
      0.5672502
    ],
    [
      0.0,
      0.16521224,
      0.56375265
    ],
    [
      0.0,
      0.16898403,
      0.5600798
    ],
    [
      0.0,
      0.17368576,
      0.55623573
    ],
    [
      0.0,
      0.17930028,
      0.5522245
    ],
    [
      0.0,
      0.18580715,
      0.5480504
    ],
    [
      0.0,
      0.19318265,
      0.5437181
    ],
    [
      0.0,
      0.20139979,
      0.5392322
    ],
    [
      0.0,
      0.21042871,
      0.5345975
    ],
    [
      0.0,
      0.2202365,
      0.5298192
    ],
    [
      0.0,
      0.23078732,
      0.5249023
    ],
    [
      0.0,
      0.24204265,
      0.51985216
    ],
    [
      0.0,
      0.25396156,
      0.5146743
    ],
    [
      0.0,
      0.26650062,
      0.50937426
    ],
    [
      0.0,
      0.27961394,
      0.50395787
    ],
    [
      0.0,
      0.29325378,
      0.49843088
    ],
    [
      0.0,
      0.30737042,
      0.49279934
    ],
    [
      0.0,
      0.32191238,
      0.4870693
    ],
    [
      0.0,
      0.3368266,
      0.48124704
    ],
    [
      0.0,
      0.3520587,
      0.47533882
    ],
    [
      0.0,
      0.36755332,
      0.46935105
    ],
    [
      0.0,
      0.38325363,
      0.46329018
    ],
    [
      0.0,
      0.3991027,
      0.4571628
    ],
    [
      0.0,
      0.41504228,
      0.45097554
    ],
    [
      0.0,
      0.43101478,
      0.44473505
    ],
    [
      0.0,
      0.4469616,
      0.43844816
    ],
    [
      0.0,
      0.46282458,
      0.43212163
    ],
    [
      0.0,
      0.47854626,
      0.42576233
    ],
    [
      0.0,
      0.4940689,
      0.41937715
    ],
    [
      0.0,
      0.509336,
      0.412973
    ],
    [
      0.0,
      0.5242921,
      0.40655676
    ],
    [
      0.0,
      0.5388823,
      0.40013543
    ],
    [
      0.0,
      0.5530536,
      0.39371595
    ],
    [
      0.0,
      0.5667544,
      0.3873053
    ],
    [
      0.0,
      0.57993454,
      0.38091034
    ],
    [
      0.0,
      0.5925461,
      0.37453806
    ],
    [
      0.0,
      0.6045431,
      0.36819535
    ],
    [
      0.0,
      0.6158816,
      0.36188903
    ],
    [
      0.0,
      0.6265206,
      0.355626
    ],
    [
      0.0,
      0.63642097,
      0.349413
    ],
    [
      0.0,
      0.64554673,
      0.34325677
    ],
    [
      0.0,
      0.6538646,
      0.33716398
    ],
    [
      0.0,
      0.6613443,
      0.33114117
    ],
    [
      0.0,
      0.6679585,
      0.3251949
    ],
    [
      0.0,
      0.6736831,
      0.31933162
    ],
    [
      0.0,
      0.6784972,
      0.31355768
    ],
    [
      0.0,
      0.68238324,
      0.3078793
    ],
    [
      0.0,
      0.6853271,
      0.30230266
    ],
    [
      0.0,
      0.68731797,
      0.29683372
    ],
    [
      0.0,
      0.6883487,
      0.29147854
    ],
    [
      0.0,
      0.6884154,
      0.28624275
    ],
    [
      0.0,
      0.687518,
      0.2811322
    ],
    [
      0.0,
      0.6856595,
      0.27615225
    ],
    [
      0.0,
      0.682847,
      0.27130842
    ],
    [
      0.0,
      0.6790905,
      0.2666059
    ],
    [
      0.0,
      0.6744039,
      0.26204976
    ],
    [
      0.0,
      0.66880405,
      0.25764495
    ],
    [
      0.0,
      0.6623115,
      0.25339627
    ],
    [
      0.0,
      0.6549501,
      0.2493083
    ],
    [
      0.0,
      0.6467464,
      0.24538544
    ],
    [
      0.0,
      0.63773054,
      0.24163197
    ],
    [
      0.0,
      0.6279353,
      0.23805194
    ],
    [
      0.0,
      0.6173961,
      0.23464921
    ],
    [
      0.0,
      0.606152,
      0.23142746
    ],
    [
      0.0,
      0.5942436,
      0.22839023
    ],
    [
      0.0,
      0.5817144,
      0.22554076
    ],
    [
      0.0,
      0.56860995,
      0.22288215
    ],
    [
      0.0,
      0.55497843,
      0.22041729
    ],
    [
      0.0,
      0.54086894,
      0.21814883
    ],
    [
      0.0,
      0.52633363,
      0.21607925
    ],
    [
      0.0,
      0.5114251,
      0.21421073
    ],
    [
      0.0,
      0.49619782,
      0.21254537
    ],
    [
      0.0,
      0.48070693,
      0.21108492
    ],
    [
      0.0,
      0.4650094,
      0.209831
    ],
    [
      0.0,
      0.44916254,
      0.20878494
    ],
    [
      0.0,
      0.43322384,
      0.20794787
    ],
    [
      0.0,
      0.41725165,
      0.20732069
    ],
    [
      0.0,
      0.40130395,
      0.20690411
    ],
    [
      0.0,
      0.38543877,
      0.20669857
    ],
    [
      0.0,
      0.36971444,
      0.20670429
    ],
    [
      0.0,
      0.3541881,
      0.20692123
    ],
    [
      0.0,
      0.33891636,
      0.20734921
    ],
    [
      0.0,
      0.32395488,
      0.20798776
    ],
    [
      0.0,
      0.30935824,
      0.20883615
    ],
    [
      0.0,
      0.29517964,
      0.20989348
    ],
    [
      0.0,
      0.2814706,
      0.21115862
    ],
    [
      0.0,
      0.26828176,
      0.21263018
    ],
    [
      0.0,
      0.25566053,
      0.2143066
    ],
    [
      0.0,
