{
  "name": "mutant-1553",
  "global": {
    "speed": 0.2536505,
    "zoom": 1.6891233,
    "trail": 0.33294392,
    "flame_brightness": 0.36852464
  },
  "kifs": {
    "fold_angle": 1.4722663,
    "scale": 1.5806699,
    "brightness": 0.3
  },
  "transforms": [
    {
      "weight": 0.46708918,
      "a": -0.84502053,
      "b": 0.39731967,
      "c": 0.1184119,
      "d": -0.7510222,
      "offset": [
        -0.90529597,
        0.9624084
      ],
      "color": 0.0,
      "linear": 0.0,
      "sinusoidal": 1.0,
      "spherical": 0.0,
      "swirl": 0.0,
      "horseshoe": 0.0,
      "handkerchief": 0.0,
      "julia": 0.0,
      "polar": 0.0,
      "disc": 0.0,
      "rings": 0.0,
      "bubble": 0.0,
      "fisheye": 0.0,
      "exponential": 0.0,
      "spiral": 0.0,
      "diamond": 0.0,
      "bent": 0.0,
      "waves": 0.0,
      "popcorn": 0.0,
      "fan": 0.0,
      "eyefish": 0.0,
      "cross": 0.0,
      "tangent": 0.0,
      "cosine": 0.0,
      "blob": 0.0,
      "noise": 0.0,
      "curl": 0.0,
      "variation_params": {}
    },
    {
      "weight": 0.5329109,
      "a": 0.7148167,
      "b": 0.046583097,
      "c": -0.046583097,
      "d": 0.7148167,
      "offset": [
        0.37186366,
        -0.61890244
      ],
      "color": 0.5,
      "linear": 0.0,
      "sinusoidal": 0.0,
      "spherical": 0.0,
      "swirl": 0.0,
      "horseshoe": 1.0,
      "handkerchief": 0.0,
      "julia": 0.0,
      "polar": 0.0,
      "disc": 0.0,
      "rings": 0.0,
      "bubble": 0.0,
      "fisheye": 0.0,
      "exponential": 0.0,
      "spiral": 0.0,
      "diamond": 0.0,
      "bent": 0.0,
      "waves": 0.0,
      "popcorn": 0.0,
      "fan": 0.0,
      "eyefish": 0.0,
      "cross": 0.0,
      "tangent": 0.0,
      "cosine": 0.0,
      "blob": 0.0,
      "noise": 0.0,
      "curl": 0.0,
      "variation_params": {}
    }
  ],
  "final_transform": null,
  "symmetry": -2,
  "palette": [
    [
      0.0,
      0.0521833,
      0.6356495
    ],
    [
      0.0,
      0.033700928,
      0.63251203
    ],
    [
      0.0,
      0.015825287,
      0.6291672
    ],
    [
      0.0,
      0.0,
      0.6256164
    ],
    [
      0.0,
      0.0,
      0.62186104
    ],
    [
      0.0,
      0.0,
      0.6179027
    ],
    [
      0.0,
      0.0,
      0.61374295
    ],
    [
      0.0,
      0.0,
      0.6093834
    ],
    [
      0.0,
      0.0,
      0.6048259
    ],
    [
      0.0,
      0.0,
      0.60007226
    ],
    [
      0.0,
      0.0,
      0.5951245
    ],
    [
      0.0,
      0.0,
      0.5899844
    ],
    [
      0.0,
      0.0,
      0.5846543
    ],
    [
      0.0,
      0.0,
      0.5791362
    ],
    [
      0.0,
      0.0,
      0.5734324
    ],
    [
      0.0,
      0.0,
      0.56754506
    ],
    [
      0.0,
      0.0,
      0.56147677
    ],
    [
      0.0,
      0.0,
      0.55522984
    ],
    [
      0.0,
      0.0,
      0.5488069
    ],
    [
      0.0,
      0.0,
      0.5422105
    ],
    [
      0.0,
      0.0,
      0.5354433
    ],
    [
      0.0,
      0.0,
      0.528508
    ],
    [
      0.0,
      0.0,
      0.52140754
    ],
    [
      0.0,
      0.0,
      0.51414466
    ],
    [
      0.0,
      0.0,
      0.50672233
    ],
    [
      0.0,
      0.0,
      0.49914357
    ],
    [
      0.0,
      0.0,
      0.49141148
    ],
    [
      0.0,
      0.0,
      0.48352915
    ],
    [
      0.0,
      0.0,
      0.47549972
    ],
    [
      0.0,
      0.0,
      0.46732652
    ],
    [
      0.0,
      0.0,
      0.45901284
    ],
    [
      0.0,
      0.0,
      0.45056206
    ],
    [
      0.0,
      0.0,
      0.44197753
    ],
    [
      0.0,
      0.0,
      0.43326277
    ],
    [
      0.0,
      0.0,
      0.4244213
    ],
    [
      0.0,
      0.0,
      0.41545674
    ],
    [
      0.0,
      0.0,
      0.4063727
    ],
    [
      0.0,
      0.0031062514,
      0.39717272
    ],
    [
      0.0,
      0.020502985,
      0.38786075
    ],
    [
      0.0,
      0.038544714,
      0.37844038
    ],
    [
      0.0,
      0.05717893,
      0.36891556
    ],
    [
      0.0,
      0.07635194,
      0.35929
    ],
    [
      0.0,
      0.096008,
      0.34956765
    ],
    [
      0.0,
      0.11608994,
      0.33975255
    ],
    [
      0.0,
      0.13653985,
      0.32984844
    ],
    [
      0.0,
      0.15729827,
      0.3198596
    ],
    [
      0.0,
      0.17830479,
      0.30978993
    ],
    [
      0.0,
      0.19949874,
      0.29964346
    ],
    [
      0.0,
      0.22081879,
      0.28942436
    ],
    [
      0.0,
      0.24220297,
      0.2791368
    ],
    [
      0.0077922344,
      0.26358905,
      0.26878485
    ],
    [
      0.017998338,
      0.28491524,
      0.25837275
    ],
    [
      0.028342515,
      0.30611986,
      0.24790469
    ],
    [
      0.03881806,
      0.32714123,
      0.237385
    ],
    [
      0.049418762,
      0.3479184,
      0.22681779
    ],
    [
      0.06013775,
      0.36839095,
      0.21620741
    ],
    [
      0.07096827,
      0.38849986,
      0.20555824
    ],
    [
      0.08190353,
      0.40818664,
      0.1948744
    ],
    [
      0.09293638,
      0.42739403,
      0.18416035
    ],
    [
      0.10406032,
      0.44606668,
      0.17342044
    ],
    [
      0.11526814,
      0.46415013,
      0.1626589
    ],
    [
      0.12655279,
      0.48159224,
      0.15188015
    ],
    [
      0.13790712,
      0.4983421,
      0.1410886
    ],
    [
      0.1493238,
      0.5143515,
      0.13028853
    ],
    [
      0.16079608,
      0.5295738,
      0.119484335
    ],
    [
      0.17231649,
      0.54396474,
      0.108680405
    ],
    [
      0.18387778,
      0.5574829,
      0.097881034
    ],
    [
      0.19547267,
      0.5700889,
      0.0870908
    ],
    [
      0.20709366,
      0.5817461,
      0.07631393
    ],
    [
      0.21873385,
      0.59242094,
      0.06555472
    ],
    [
      0.23038568,
      0.60208225,
      0.05481766
    ],
    [
      0.24204183,
      0.61070216,
      0.04410702
    ],
    [
      0.25369495,
      0.6182555,
      0.03342709
    ],
    [
      0.2653375,
      0.6247205,
      0.022782288
    ],
    [
      0.27696255,
      0.6300783,
      0.01217676
    ],
    [
      0.2885626,
      0.6343136,
      0.0016150326
    ],
    [
      0.3001301,
      0.63741386,
      0.0
    ],
    [
      0.3116582,
      0.6393703,
      0.0
    ],
    [
      0.32313943,
      0.64017713,
      0.0
    ],
    [
      0.3345666,
      0.6398319,
      0.0
    ],
    [
      0.34593242,
      0.6383358,
      0.0
    ],
    [
      0.3572296,
      0.6356932,
      0.0
    ],
    [
      0.3684514,
      0.6319116,
      0.0
    ],
    [
      0.37959057,
      0.627002,
      0.0
    ],
    [
      0.39064008,
      0.6209786,
      0.0
    ],
    [
      0.40159297,
      0.6138592,
      0.0
    ],
    [
      0.41244215,
      0.6056639,
      0.0
    ],
    [
      0.42318124,
      0.59641683,
      0.0
    ],
    [
      0.43380314,
      0.5861447,
      0.0
    ],
    [
      0.4443013,
      0.5748773,
      0.0
    ],
    [
      0.45466906,
      0.5626476,
      0.0
    ],
    [
      0.46489963,
      0.5494905,
      0.0
    ],
    [
      0.47498706,
      0.5354445,
      0.0
    ],
    [
      0.48492473,
      0.52055025,
      0.0
    ],
    [
      0.49470642,
      0.5048508,
      0.0
    ],
    [
      0.504326,
      0.48839223,
      0.0
    ],
    [
      0.5137771,
      0.4712216,
      0.0
    ],
    [
      0.5230541,
      0.45338893,
      0.0
    ],
    [
      0.53215146,
      0.43494618,
      0.0
    ],
    [
      0.54106283,
      0.4159464,
      0.0
    ],
    [
      0.5497829,
      0.39644492,
      0.0
    ],
    [
      0.558306,
      0.37649864,
      0.0
    ],
    [
      0.5666268,
      0.3561643,
      0.0
    ],
    [
      0.5747405,
      0.33550236,
      0.0
    ],
    [
      0.5826416,
      0.31457156,
      0.0
