{
  "fast_mean": [
    9.999996,
    8.999996,
    0.40972692,
    0.2657776,
    0.287228,
    1.0000005,
    0.50000024,
    1.9999995,
    0.25000012,
    6e-45,
    0.49999988,
    6e-45,
    0.15616447,
    22.999992,
    0.99999976,
    1.0000005,
    0.3232094,
    1.8897786,
    0.16540721,
    0.10000004,
    0.05010935,
    4.999998,
    0.99999976,
    1.0000005,
    0.14110294,
    1.293848,
    0.97834575,
    0.20000008,
    0.17695001,
    11.000004,
    0.99999976,
    1.0000005,
    0.67290044,
    0.027464159,
    0.7529386,
    0.30000013,
    0.16818881,
    1.9999995,
    0.99999976,
    1.0000005,
    0.18229517,
    1.4680531,
    0.52132523,
    0.40000015,
    0.05815526,
    1.0000005,
    0.50000024,
    1.9999995,
    0.24999994,
    6e-45,
    0.49999988,
    0.50000024,
    0.15616435,
    2.999999
  ],
  "fast_count": 766458195,
  "slow_mean": [
    5.57,
    5.2799997,
    0.6047167,
    0.20689924,
    0.2835207,
    2.01,
    1.0,
    1.0,
    0.7428924,
    2.1343098,
    0.7026688,
    0.0,
    0.17224872,
    10.46,
    0.955,
    1.09,
    0.67705625,
    2.103715,
    0.71920794,
    0.18575,
    0.1484713,
    20.05,
    0.97300005,
    1.09,
    0.7437102,
    1.9033331,
    0.595585,
    0.3715,
    0.20688231,
    6.4100003,
    1.0,
    1.0,
    0.24946085,
    0.22115967,
    0.4974944,
    0.55725,
    0.23827739,
    3.28,
    1.0,
    1.0,
    0.66471523,
    2.5275602,
    0.37597072,
    0.743,
    0.15010932,
    0.0,
    0.19,
    0.19,
    0.0475,
    0.0,
    0.095,
    0.118750006,
    0.040131576,
    4.6299996
  ],
  "slow_count": 3
}