{
  "name": "captured-1347",
  "global": {
    "speed": 0.18510279,
    "zoom": 1.1903142,
    "trail": 0.3463955,
    "flame_brightness": 0.29392517
  },
  "kifs": {
    "fold_angle": 1.4722663,
    "scale": 1.5806699,
    "brightness": 0.3
  },
  "transforms": [
    {
      "weight": 0.38963473,
      "affine": [
        [
          -0.20778835,
          0.11240202,
          0.0
        ],
        [
          0.4418487,
          -0.50378704,
          0.0
        ],
        [
          0.0,
          0.0,
          1.0921401
        ]
      ],
      "offset": [
        0.22606894,
        0.049454063,
        0.0
      ],
      "color": 0.0,
      "linear": 0.0,
      "sinusoidal": 0.0,
      "spherical": 0.0,
      "swirl": 0.0,
      "horseshoe": 0.0,
      "handkerchief": 0.0,
      "julia": 0.0,
      "polar": 0.0,
      "disc": 0.0,
      "rings": 0.0,
      "bubble": 0.0,
      "fisheye": 0.0,
      "exponential": 0.0,
      "spiral": 0.0,
      "diamond": 0.0,
      "bent": 0.0,
      "waves": 0.0,
      "popcorn": 0.0,
      "fan": 0.0,
      "eyefish": 1.0,
      "cross": 0.0,
      "tangent": 0.0,
      "cosine": 0.0,
      "blob": 0.0,
      "noise": 0.0,
      "curl": 0.0,
      "variation_params": {}
    },
    {
      "weight": 0.317906,
      "affine": [
        [
          0.8768972,
          -0.14147526,
          0.0
        ],
        [
          -0.30661362,
          -0.93244797,
          0.0
        ],
        [
          0.0,
          0.0,
          1.771671
        ]
      ],
      "offset": [
        0.1817869,
        -0.21668977,
        0.0
      ],
      "color": 0.3872953,
      "linear": 0.0,
      "sinusoidal": 0.0,
      "spherical": 1.0,
      "swirl": 0.0,
      "horseshoe": 0.0,
      "handkerchief": 0.0,
      "julia": 0.0,
      "polar": 0.0,
      "disc": 0.0,
      "rings": 0.0,
      "bubble": 0.0,
      "fisheye": 0.0,
      "exponential": 0.0,
      "spiral": 0.0,
      "diamond": 0.0,
      "bent": 0.0,
      "waves": 0.0,
      "popcorn": 0.0,
      "fan": 0.0,
      "eyefish": 0.0,
      "cross": 0.0,
      "tangent": 0.0,
      "cosine": 0.0,
      "blob": 0.0,
      "noise": 0.0,
      "curl": 0.0,
      "variation_params": {}
    },
    {
      "weight": 0.29245928,
      "affine": [
        [
          0.3592999,
          0.0,
          0.0
        ],
        [
          0.0,
          0.3592999,
          0.0
        ],
        [
          0.0,
          0.0,
          0.7185998
        ]
      ],
      "offset": [
        0.0,
        0.33811414,
        0.0
      ],
      "color": 0.45081887,
      "linear": 0.0,
      "sinusoidal": 0.0,
      "spherical": 0.0,
      "swirl": 1.0,
      "horseshoe": 0.0,
      "handkerchief": 0.0,
      "julia": 0.0,
      "polar": 0.0,
      "disc": 0.0,
      "rings": 0.0,
      "bubble": 0.0,
      "fisheye": 0.0,
      "exponential": 0.0,
      "spiral": 0.0,
      "diamond": 0.0,
      "bent": 0.0,
      "waves": 0.0,
      "popcorn": 0.0,
      "fan": 0.0,
      "eyefish": 0.0,
      "cross": 0.0,
      "tangent": 0.0,
      "cosine": 0.0,
      "blob": 0.0,
      "noise": 0.0,
      "curl": 0.0,
      "variation_params": {}
    }
  ],
  "final_transform": null,
  "symmetry": 5,
  "palette": [
    [
      0.70079345,
      0.60336757,
      0.3260239
    ],
    [
      0.7073912,
      0.61735475,
      0.34611547
    ],
    [
      0.71377933,
      0.6311487,
      0.36608002
    ],
    [
      0.7199551,
      0.64474,
      0.38586754
    ],
    [
      0.72591585,
      0.6581187,
      0.40542865
    ],
    [
      0.73165905,
      0.6712753,
      0.42471376
    ],
    [
      0.7371821,
      0.6842003,
      0.44367516
    ],
    [
      0.74248254,
      0.6968844,
      0.46226534
    ],
    [
      0.74755824,
      0.7093187,
      0.48043716
    ],
    [
      0.7524071,
      0.72149396,
      0.49814582
    ],
    [
      0.75702673,
      0.7334019,
      0.51534647
    ],
    [
      0.76141524,
      0.74503386,
      0.53199613
    ],
    [
      0.7655708,
      0.7563813,
      0.54805315
    ],
    [
      0.76949173,
      0.7674365,
      0.5634773
    ],
    [
      0.773176,
      0.77819127,
      0.5782299
    ],
    [
      0.7766223,
      0.78863806,
      0.592274
    ],
    [
      0.77982897,
      0.7987693,
      0.6055746
    ],
    [
      0.78279465,
      0.8085776,
      0.6180979
    ],
    [
      0.7855183,
      0.81805634,
      0.6298132
    ],
    [
      0.7879984,
      0.8271985,
      0.64069057
    ],
    [
      0.79023397,
      0.83599746,
      0.65070295
    ],
    [
      0.79222417,
      0.84444714,
      0.65982544
    ],
    [
      0.7939681,
      0.8525414,
      0.6680349
    ],
    [
      0.7954648,
      0.8602744,
      0.675311
    ],
    [
      0.79671395,
      0.86764044,
      0.68163544
    ],
    [
      0.79771477,
      0.8746347,
      0.6869923
    ],
    [
      0.7984669,
      0.8812519,
      0.6913682
    ],
    [
      0.79897004,
      0.8874873,
      0.6947523
    ],
    [
      0.79922396,
      0.89333653,
      0.6971359
    ],
    [
      0.79922855,
      0.8987953,
      0.69851327
    ],
    [
      0.79898375,
      0.90385973,
      0.69888073
    ],
    [
      0.79848975,
      0.9085263,
      0.69823754
    ],
    [
      0.7977467,
      0.9127916,
      0.6965852
    ],
    [
      0.79675496,
      0.91665256,
      0.6939278
    ],
    [
      0.795515,
      0.9201065,
      0.6902722
    ],
    [
      0.79402727,
      0.92315084,
      0.68562734
    ],
    [
      0.7922924,
      0.9257835,
      0.6800052
    ],
    [
      0.7903112,
      0.92800254,
      0.67341936
    ],
    [
      0.7880847,
      0.92980635,
      0.66588664
    ],
    [
      0.78561354,
      0.9311937,
      0.6574259
    ],
    [
      0.78289884,
      0.9321636,
      0.6480582
    ],
    [
      0.77994186,
      0.9327153,
      0.63780737
    ],
    [
      0.77674407,
      0.93284845,
      0.6266984
    ],
    [
      0.77330655,
      0.9325629,
      0.6147598
    ],
    [
      0.7696309,
      0.9318589,
      0.6020211
    ],
    [
      0.76571864,
      0.930737,
      0.5885142
    ],
    [
      0.76157176,
      0.92919797,
      0.5742732
    ],
    [
      0.7571917,
      0.9272428,
      0.5593337
    ],
    [
      0.7525804,
      0.924873,
      0.54373294
    ],
    [
      0.74774015,
      0.9220903,
      0.5275103
    ],
    [
      0.7426726,
      0.91889656,
      0.51070577
    ],
    [
      0.73738045,
      0.9152942,
      0.49336225
    ],
    [
      0.73186547,
      0.9112857,
      0.475523
    ],
    [
      0.72613037,
      0.906874,
      0.45723236
    ],
    [
      0.7201774,
      0.9020622,
      0.43853638
    ],
    [
      0.71400964,
      0.89685374,
      0.41948164
    ],
    [
      0.70762914,
      0.8912524,
      0.40011632
    ],
    [
      0.701039,
      0.8852621,
      0.38048866
    ],
    [
      0.6942419,
      0.8788872,
      0.3606481
    ],
    [
      0.6872412,
      0.8721322,
      0.3406439
    ],
    [
      0.68003917,
      0.86500204,
      0.3205262
    ],
    [
      0.6726396,
      0.8575017,
      0.3003458
    ],
    [
      0.66504526,
      0.84963655,
      0.28015304
    ],
    [
      0.65726006,
      0.8414123,
      0.2599985
    ],
    [
      0.6492865,
      0.8328347,
      0.23993284
    ],
    [
      0.6411285,
      0.8239101,
      0.22000578
    ],
    [
      0.63278973,
      0.8146447,
      0.20026764
    ],
    [
      0.6242738,
      0.80504525,
      0.18076819
    ],
    [
      0.6155838,
      0.79511845,
      0.16155559
    ],
    [
      0.60672396,
      0.7848715,
      0.14267865
    ],
    [
      0.5976982,
      0.7743118,
      0.12418397
    ],
    [
      0.5885106,
      0.7634467,
      0.106118575
    ],
    [
      0.5791643,
      0.75228417,
      0.088527024
    ],
    [
      0.5696639,
      0.7408321,
