{
  "name": "captured-6163",
  "global": {
    "speed": 0.22566617,
    "zoom": 1.1884911,
    "trail": 0.3357459,
    "flame_brightness": 0.29365072
  },
  "kifs": {
    "fold_angle": 1.4722663,
    "scale": 1.5806699,
    "brightness": 0.3
  },
  "transforms": [
    {
      "weight": 0.2938274,
      "affine": [
        [
          0.36417276,
          0.5217954,
          0.0
        ],
        [
          0.096778095,
          -0.3477745,
          0.0
        ],
        [
          0.0,
          0.0,
          1.1289971
        ]
      ],
      "offset": [
        0.3826766,
        0.6051949,
        0.0
      ],
      "color": 0.0,
      "linear": 0.0,
      "sinusoidal": 0.0,
      "spherical": 0.0,
      "swirl": 0.0,
      "horseshoe": 1.0,
      "handkerchief": 0.0,
      "julia": 0.0,
      "polar": 0.0,
      "disc": 0.0,
      "rings": 0.0,
      "bubble": 0.0,
      "fisheye": 0.0,
      "exponential": 0.0,
      "spiral": 0.0,
      "diamond": 0.0,
      "bent": 0.0,
      "waves": 0.0,
      "popcorn": 0.0,
      "fan": 0.0,
      "eyefish": 0.0,
      "cross": 0.0,
      "tangent": 0.0,
      "cosine": 0.0,
      "blob": 0.0,
      "noise": 0.0,
      "curl": 0.0,
      "variation_params": {}
    },
    {
      "weight": 0.17417319,
      "affine": [
        [
          1.2065293,
          0.4578181,
          0.0
        ],
        [
          -1.1714765,
          -0.6177547,
          0.0
        ],
        [
          0.0,
          0.0,
          1.4352969
        ]
      ],
      "offset": [
        0.905589,
        0.909402,
        0.0
      ],
      "color": 0.16666667,
      "linear": 0.0,
      "sinusoidal": 0.0,
      "spherical": 0.0,
      "swirl": 0.0,
      "horseshoe": 0.0,
      "handkerchief": 0.0,
      "julia": 0.0,
      "polar": 0.0,
      "disc": 0.0,
      "rings": 0.0,
      "bubble": 0.0,
      "fisheye": 1.0,
      "exponential": 0.0,
      "spiral": 0.0,
      "diamond": 0.0,
      "bent": 0.0,
      "waves": 0.0,
      "popcorn": 0.0,
      "fan": 0.0,
      "eyefish": 0.0,
      "cross": 0.0,
      "tangent": 0.0,
      "cosine": 0.0,
      "blob": 0.0,
      "noise": 0.0,
      "curl": 0.0,
      "variation_params": {}
    },
    {
      "weight": 0.07034767,
      "affine": [
        [
          1.0540004,
          0.39994097,
          0.0
        ],
        [
          -1.023379,
          -0.5396584,
          0.0
        ],
        [
          0.0,
          0.0,
          1.2538474
        ]
      ],
      "offset": [
        0.905589,
        0.909402,
        0.0
      ],
      "color": 0.33333334,
      "linear": 0.0,
      "sinusoidal": 0.0,
      "spherical": 0.0,
      "swirl": 0.0,
      "horseshoe": 0.0,
      "handkerchief": 0.0,
      "julia": 0.0,
      "polar": 0.0,
      "disc": 0.0,
      "rings": 0.0,
      "bubble": 0.0,
      "fisheye": 0.0,
      "exponential": 0.0,
      "spiral": 0.0,
      "diamond": 0.0,
      "bent": 0.0,
      "waves": 0.0,
      "popcorn": 0.0,
      "fan": 0.0,
      "eyefish": 1.0,
      "cross": 0.0,
      "tangent": 0.0,
      "cosine": 0.0,
      "blob": 0.0,
      "noise": 0.0,
      "curl": 0.0,
      "variation_params": {}
    }
  ],
  "final_transform": null,
  "symmetry": 6,
  "palette": [
    [
      0.64670193,
      0.0,
      0.0
    ],
    [
      0.65647566,
      0.0,
      0.0
    ],
    [
      0.666003,
      0.0,
      0.0
    ],
    [
      0.6752771,
      0.0,
      0.0
    ],
    [
      0.684292,
      0.0,
      0.0
    ],
    [
      0.6930416,
      0.0,
      0.0
    ],
    [
      0.7015199,
      0.0,
      0.0
    ],
    [
      0.70972145,
      0.0,
      0.0
    ],
    [
      0.7176405,
      0.0,
      0.0
    ],
    [
      0.725272,
      0.0,
      0.0
    ],
    [
      0.7326106,
      0.0,
      0.0
    ],
    [
      0.73965156,
      0.0,
      0.0
    ],
    [
      0.74639004,
      0.0,
      0.0
    ],
    [
      0.7528217,
      0.0,
      0.0
    ],
    [
      0.758942,
      0.0,
      0.0
    ],
    [
      0.764747,
      0.0,
      0.0
    ],
    [
      0.7702328,
      0.0,
      0.0
    ],
    [
      0.77539563,
      0.0,
      0.0
    ],
    [
      0.7802321,
      0.0,
      0.0
    ],
    [
      0.784739,
      0.0,
      0.0
    ],
    [
      0.78891313,
      0.0,
      0.0
    ],
    [
      0.792752,
      0.0,
      0.0
    ],
    [
      0.79625285,
      0.0,
      0.0
    ],
    [
      0.7994133,
      0.0,
      0.0
    ],
    [
      0.8022312,
      0.0,
      0.0
    ],
    [
      0.8047049,
      0.0,
      0.0
    ],
    [
      0.80683255,
      0.0,
      0.0
    ],
    [
      0.8086127,
      0.0,
      0.0
    ],
    [
      0.8100443,
      0.0,
      0.0
    ],
    [
      0.81112623,
      0.0,
      0.0
    ],
    [
      0.81185794,
      0.0,
      0.012199312
    ],
    [
      0.8122387,
      0.0,
      0.035284787
    ],
    [
      0.8122685,
      0.0,
      0.05931118
    ],
    [
      0.8119472,
      0.0,
      0.08420156
    ],
    [
      0.8112751,
      0.0,
      0.109876186
    ],
    [
      0.81025255,
      0.0,
      0.1362535
    ],
    [
      0.8088803,
      0.0,
      0.16324906
    ],
    [
      0.8071592,
      0.0,
      0.19077666
    ],
    [
      0.8050904,
      0.0,
      0.21874814
    ],
    [
      0.80267537,
      0.0,
      0.24707463
    ],
    [
      0.7999157,
      0.0,
      0.27566543
    ],
    [
      0.79681325,
      0.0,
      0.30442926
    ],
    [
      0.7933701,
      0.0,
      0.33327398
    ],
    [
      0.78958833,
      0.0,
      0.362108
    ],
    [
      0.78547084,
      0.0,
      0.39083892
    ],
    [
      0.7810203,
      0.0,
      0.41937482
    ],
    [
      0.77623963,
      0.0,
      0.44762498
    ],
    [
      0.77113175,
      0.0030125603,
      0.475499
    ],
    [
      0.7657005,
      0.009489037,
      0.5029078
    ],
    [
      0.7599495,
      0.016002014,
      0.5297637
    ],
    [
      0.7538825,
      0.022548825,
      0.5559813
    ],
    [
      0.7475033,
      0.029126972,
      0.5814767
    ],
    [
      0.7408165,
      0.03573378,
      0.60616845
    ],
    [
      0.73382664,
      0.04236688,
      0.62997746
    ],
    [
      0.72653836,
      0.049023896,
      0.6528282
    ],
    [
      0.718956,
      0.05570212,
      0.67464733
    ],
    [
      0.7110853,
      0.06239883,
      0.6953653
    ],
    [
      0.70293146,
      0.06911179,
      0.714916
    ],
    [
      0.6944996,
      0.075838104,
      0.7332368
    ],
    [
      0.6857958,
      0.08257553,
      0.7502692
    ],
    [
      0.67682546,
      0.08932116,
      0.7659589
    ],
    [
      0.66759497,
      0.09607274,
      0.7802559
    ],
    [
      0.6581105,
      0.10282753,
      0.7931144
    ],
    [
      0.6483778,
      0.10958277,
      0.80449325
    ],
    [
      0.6384039,
      0.116336204,
      0.8143563
    ],
    [
      0.62819564,
      0.123084925,
      0.822672
    ],
    [
      0.61775947,
      0.12982668,
      0.8294138
    ],
    [
      0.60710275,
      0.13655871,
      0.83456004
    ],
    [
      0.59623224,
      0.1432783,
      0.83809435
    ],
    [
      0.5851556,
      0.1499832,
      0.84000564
    ],
    [
      0.57387984,
      0.15667066,
      0.84028745
    ],
    [
      0.562413,
      0.16333798,
      0.8389392
    ],
    [
      0.5507622,
      0.16998278,
      0.83596504
    ],
    [
      0.5389358,
      0.17660265,
      0.8313744
    ],
    [
      0.5269413,
      0.1831949,
      0.8251822
    ],
    [
      0.5147871,
      0.18975687,
      0.81740785
    ],
    [
      0.50248086,
      0.19628635,
      0.80807656
    ],
    [
      0.49003142,
      0.20278053,
      0.7972178
    ],
    [
      0.47744656,
      0.20923723,
      0.78486663
    ],
    [
      0.4647352,
      0.21565369,
      0.7710618
    ],
    [
      0.45190543,
      0.22202775,
      0.7558484
    ],
    [
