{
  "name": "mutant-7298",
  "global": {
    "speed": 0.20457934,
    "zoom": 1.0583484,
    "trail": 0.33561054,
    "flame_brightness": 0.33225602
  },
  "kifs": {
    "fold_angle": 1.4722663,
    "scale": 1.5806699,
    "brightness": 0.3
  },
  "transforms": [
    {
      "weight": 0.11943492,
      "affine": [
        [
          0.034890734,
          -0.4920068,
          0.0
        ],
        [
          0.4920068,
          0.034890734,
          0.0
        ],
        [
          0.0,
          0.0,
          1.233106
        ]
      ],
      "offset": [
        2.5,
        0.8,
        0.0
      ],
      "color": 0.0,
      "linear": 0.0,
      "sinusoidal": 0.0,
      "spherical": 0.0,
      "swirl": 0.0,
      "horseshoe": 0.0,
      "handkerchief": 0.0,
      "julia": 0.0,
      "polar": 0.0,
      "disc": 0.0,
      "rings": 0.0,
      "bubble": 0.6666667,
      "fisheye": 0.0,
      "exponential": 0.0,
      "spiral": 0.0,
      "diamond": 0.0,
      "bent": 0.0,
      "waves": 0.0,
      "popcorn": 0.0,
      "fan": 0.0,
      "eyefish": 0.33333334,
      "cross": 0.0,
      "tangent": 0.0,
      "cosine": 0.0,
      "blob": 0.0,
      "noise": 0.0,
      "curl": 0.0,
      "variation_params": {}
    },
    {
      "weight": 0.29719394,
      "affine": [
        [
          -0.793133,
          -0.6624069,
          0.0
        ],
        [
          -0.36413825,
          0.1834637,
          0.0
        ],
        [
          0.0,
          0.0,
          1.0
        ]
      ],
      "offset": [
        0.871637,
        -0.38243115,
        0.0
      ],
      "color": 0.33333334,
      "linear": 0.0,
      "sinusoidal": 0.0,
      "spherical": 0.0,
      "swirl": 0.0,
      "horseshoe": 0.0,
      "handkerchief": 0.0,
      "julia": 0.0,
      "polar": 0.0,
      "disc": 0.0,
      "rings": 0.0,
      "bubble": 0.0,
      "fisheye": 0.0,
      "exponential": 0.0,
      "spiral": 0.0,
      "diamond": 0.0,
      "bent": 0.0,
      "waves": 0.0,
      "popcorn": 0.0,
      "fan": 1.0,
      "eyefish": 0.0,
      "cross": 0.0,
      "tangent": 0.0,
      "cosine": 0.0,
      "blob": 0.0,
      "noise": 0.0,
      "curl": 0.0,
      "variation_params": {}
    },
    {
      "weight": 0.58337116,
      "affine": [
        [
          -0.5053177,
          -0.28953648,
          0.0
        ],
        [
          0.8056469,
          -0.7929976,
          0.0
        ],
        [
          0.0,
          0.0,
          1.1041361
        ]
      ],
      "offset": [
        0.11750102,
        -0.6536952,
        0.0
      ],
      "color": 0.6666667,
      "linear": 0.0,
      "sinusoidal": 0.0,
      "spherical": 0.0,
      "swirl": 0.0,
      "horseshoe": 0.0,
      "handkerchief": 0.0,
      "julia": 0.0,
      "polar": 0.0,
      "disc": 0.0,
      "rings": 0.0,
      "bubble": 0.0,
      "fisheye": 1.0,
      "exponential": 0.0,
      "spiral": 0.0,
      "diamond": 0.0,
      "bent": 0.0,
      "waves": 0.0,
      "popcorn": 0.0,
      "fan": 0.0,
      "eyefish": 0.0,
      "cross": 0.0,
      "tangent": 0.0,
      "cosine": 0.0,
      "blob": 0.0,
      "noise": 0.0,
      "curl": 0.0,
      "variation_params": {}
    }
  ],
  "final_transform": null,
  "symmetry": 2,
  "palette": [
    [
      0.0,
      1.0,
      0.0
    ],
    [
      0.0,
      1.0,
      0.0
    ],
    [
      0.0,
      1.0,
      0.0
    ],
    [
      0.0,
      1.0,
      0.0
    ],
    [
      0.0,
      1.0,
      0.0
    ],
    [
      0.0,
      1.0,
      0.0
    ],
    [
      0.0,
      1.0,
      0.0
    ],
    [
      0.015261695,
      1.0,
      0.005891323
    ],
    [
      0.03855715,
      1.0,
      0.029930726
    ],
    [
      0.0619713,
      1.0,
      0.05444567
    ],
    [
      0.0854763,
      1.0,
      0.079369366
    ],
    [
      0.10904325,
      1.0,
      0.10463369
    ],
    [
      0.13264348,
      1.0,
      0.13017029
    ],
    [
      0.15624794,
      1.0,
      0.15590934
    ],
    [
      0.17982863,
      1.0,
      0.18178076
    ],
    [
      0.20335618,
      1.0,
      0.2077138
    ],
    [
      0.2268026,
      1.0,
      0.23363832
    ],
    [
      0.2501388,
      1.0,
      0.25948343
    ],
    [
      0.27333695,
      1.0,
      0.28517872
    ],
    [
      0.29636827,
      1.0,
      0.31065398
    ],
    [
      0.31920534,
      1.0,
      0.33584028
    ],
    [
      0.34182012,
      1.0,
      0.36066878
    ],
    [
      0.36418504,
      1.0,
      0.38507158
    ],
    [
      0.38627267,
      0.9930527,
      0.4089827
    ],
    [
      0.40805665,
      0.9830027,
      0.4323367
    ],
    [
      0.42950997,
      0.97235507,
      0.45507002
    ],
    [
      0.45060712,
      0.9611191,
      0.47712052
    ],
    [
      0.47132185,
      0.94930375,
      0.49842858
    ],
    [
      0.49162948,
      0.9369183,
      0.5189358
    ],
    [
      0.5115049,
      0.9239737,
      0.5385865
    ],
    [
      0.5309243,
      0.91047996,
      0.55732685
    ],
    [
      0.54986393,
      0.896449,
      0.5751062
    ],
    [
      0.56830066,
      0.88189214,
      0.5918759
    ],
    [
      0.58621186,
      0.8668206,
      0.6075903
    ],
    [
      0.6035763,
      0.85124797,
      0.62220645
    ],
    [
      0.6203723,
      0.83518595,
      0.6356848
    ],
    [
      0.6365799,
      0.8186487,
      0.6479886
    ],
    [
      0.65217894,
      0.8016497,
      0.6590841
    ],
    [
      0.6671509,
      0.7842023,
      0.66894114
    ],
    [
      0.6814772,
      0.76632196,
      0.677533
    ],
    [
      0.6951407,
      0.74802256,
      0.68483627
    ],
    [
      0.70812476,
      0.72931945,
      0.6908309
    ],
    [
      0.7204134,
      0.7102281,
      0.6955007
    ],
    [
      0.7319916,
      0.69076383,
      0.69883287
    ],
    [
      0.7428456,
      0.67094386,
      0.70081836
    ],
    [
      0.7529619,
      0.6507837,
      0.7014518
    ],
    [
      0.7623283,
      0.63029945,
      0.7007314
    ],
    [
      0.7709336,
      0.6095089,
      0.6986591
    ],
    [
      0.7787672,
      0.5884292,
      0.69524074
    ],
    [
      0.7858195,
      0.5670767,
      0.69048536
    ],
    [
      0.79208195,
      0.5454705,
      0.6844061
    ],
    [
      0.7975469,
      0.5236269,
      0.6770194
    ],
    [
      0.8022079,
      0.50156546,
      0.66834545
    ],
    [
      0.806059,
      0.47930312,
      0.658408
    ],
    [
      0.8090957,
      0.45685834,
      0.64723396
    ],
    [
      0.8113143,
      0.43425077,
      0.6348538
    ],
    [
      0.81271195,
      0.41149747,
      0.6213013
    ],
    [
      0.81328714,
      0.38861877,
      0.60661304
    ],
    [
      0.8130391,
      0.36563239,
      0.59082955
    ],
    [
      0.8119681,
      0.34255764,
      0.5739937
    ],
    [
      0.8100755,
      0.31941357,
      0.5561513
    ],
    [
      0.80736357,
      0.2962189,
      0.5373507
    ],
    [
      0.8038356,
      0.27299386,
      0.51764315
    ],
    [
      0.7994958,
      0.2497569,
      0.49708295
    ],
    [
      0.7943496,
      0.22652636,
      0.47572565
    ],
    [
      0.78840315,
      0.20332256,
      0.45362902
    ],
    [
      0.78166395,
      0.18016428,
      0.43085393
    ],
    [
      0.7741398,
      0.15707056,
      0.4074624
    ],
    [
      0.76584,
      0.1340605,
      0.3835175
    ],
    [
      0.7567747,
      0.111152664,
      0.35908556
    ],
    [
      0.74695486,
      0.088367105,
      0.33423182
    ],
    [
      0.73639244,
      0.065721065,
      0.3090251
    ],
    [
      0.72510034,
      0.04323475,
      0.28353363
    ],
    [
      0.7130922,
      0.020925954,
      0.25782633
    ],
    [
      0.700383,
      0.0,
      0.231974
    ],
    [
      0.6869876,
      0.0,
      0.20604704
    ],
    [
      0.67292255,
      0.0,
      0.18011539
    ],
    [
