{
  "name": "mutant-3155",
  "global": {
    "speed": 0.2040881,
    "zoom": 1.2539034,
    "trail": 0.33859706,
    "flame_brightness": 0.34200948
  },
  "kifs": {
    "fold_angle": 1.4722663,
    "scale": 1.5806699,
    "brightness": 0.3
  },
  "transforms": [
    {
      "weight": 0.077355765,
      "a": -0.7565514,
      "b": 0.93304443,
      "c": -0.7655903,
      "d": -0.53379095,
      "offset": [
        -0.25142515,
        0.29487526
      ],
      "color": 0.0,
      "linear": 1.0,
      "sinusoidal": 0.0,
      "spherical": 0.0,
      "swirl": 0.0,
      "horseshoe": 0.0,
      "handkerchief": 0.0,
      "julia": 0.0,
      "polar": 0.0,
      "disc": 0.0,
      "rings": 0.0,
      "bubble": 0.0,
      "fisheye": 0.0,
      "exponential": 0.0,
      "spiral": 0.0,
      "diamond": 0.0,
      "bent": 0.0,
      "waves": 0.0,
      "popcorn": 0.0,
      "fan": 0.0,
      "eyefish": 0.0,
      "cross": 0.0,
      "tangent": 0.0,
      "cosine": 0.0,
      "blob": 0.0,
      "noise": 0.0,
      "curl": 0.0,
      "variation_params": {}
    },
    {
      "weight": 0.4405643,
      "a": 0.8787085,
      "b": -0.9071379,
      "c": -0.07852173,
      "d": -0.520949,
      "offset": [
        -0.03506422,
        0.17985332
      ],
      "color": 0.33333334,
      "linear": 0.0,
      "sinusoidal": 0.0,
      "spherical": 0.0,
      "swirl": 0.0,
      "horseshoe": 1.0,
      "handkerchief": 0.0,
      "julia": 0.0,
      "polar": 0.0,
      "disc": 0.0,
      "rings": 0.0,
      "bubble": 0.0,
      "fisheye": 0.0,
      "exponential": 0.0,
      "spiral": 0.0,
      "diamond": 0.0,
      "bent": 0.0,
      "waves": 0.0,
      "popcorn": 0.0,
      "fan": 0.0,
      "eyefish": 0.0,
      "cross": 0.0,
      "tangent": 0.0,
      "cosine": 0.0,
      "blob": 0.0,
      "noise": 0.0,
      "curl": 0.0,
      "variation_params": {}
    },
    {
      "weight": 0.48207992,
      "a": 0.47245085,
      "b": -0.06851733,
      "c": 0.33507085,
      "d": 0.118923545,
      "offset": [
        -0.5051836,
        -0.99623966
      ],
      "color": 0.6666667,
      "linear": 0.0,
      "sinusoidal": 0.0,
      "spherical": 0.0,
      "swirl": 0.0,
      "horseshoe": 0.0,
      "handkerchief": 0.0,
      "julia": 0.0,
      "polar": 0.0,
      "disc": 0.0,
      "rings": 0.0,
      "bubble": 0.0,
      "fisheye": 0.0,
      "exponential": 0.0,
      "spiral": 0.0,
      "diamond": 0.0,
      "bent": 0.0,
      "waves": 0.0,
      "popcorn": 0.0,
      "fan": 0.0,
      "eyefish": 0.0,
      "cross": 0.0,
      "tangent": 0.0,
      "cosine": 0.0,
      "blob": 1.0,
      "noise": 0.0,
      "curl": 0.0,
      "variation_params": {}
    }
  ],
  "final_transform": null,
  "symmetry": 3,
  "palette": [
    [
      0.57811475,
      0.0,
      0.23395751
    ],
    [
      0.56926894,
      0.0,
      0.23259386
    ],
    [
      0.55971694,
      0.0,
      0.23146746
    ],
    [
      0.5494832,
      0.0,
      0.23057966
    ],
    [
      0.53859395,
      0.0,
      0.22993155
    ],
    [
      0.5270771,
      0.0,
      0.22952393
    ],
    [
      0.5149621,
      0.0,
      0.2293573
    ],
    [
      0.50228,
      0.0,
      0.22943187
    ],
    [
      0.4890633,
      0.0,
      0.22974753
    ],
    [
      0.47534585,
      0.0,
      0.23030391
    ],
    [
      0.4611628,
      0.0,
      0.23110032
    ],
    [
      0.4465505,
      0.0,
      0.2321358
    ],
    [
      0.43154636,
      0.0,
      0.23340908
    ],
    [
      0.41618884,
      0.0,
      0.23491858
    ],
    [
      0.40051723,
      0.0026845634,
      0.23666249
    ],
    [
      0.3845717,
      0.01022923,
      0.23863861
    ],
    [
      0.3683931,
      0.018232614,
      0.24084459
    ],
    [
      0.35202295,
      0.026685,
      0.24327771
    ],
    [
      0.335503,
      0.035575658,
      0.245935
    ],
    [
      0.31887576,
      0.044893652,
      0.24881318
    ],
    [
      0.30218375,
      0.05462739,
      0.25190872
    ],
    [
      0.28546974,
      0.06476459,
      0.25521788
    ],
    [
      0.26877654,
      0.075292826,
      0.2587366
    ],
    [
      0.25214693,
      0.08619872,
      0.2624606
    ],
    [
      0.23562342,
      0.09746915,
      0.2663852
    ],
    [
      0.21924846,
      0.10908955,
      0.27050576
    ],
    [
      0.20306396,
      0.12104595,
      0.27481714
    ],
    [
      0.18711129,
      0.13332306,
      0.279314
    ],
    [
      0.1714315,
      0.14590575,
      0.28399104
    ],
    [
      0.1560646,
      0.15877838,
      0.28884232
    ],
    [
      0.14105003,
      0.17192492,
      0.29386207
    ],
    [
      0.1264262,
      0.18532912,
      0.29904407
    ],
    [
      0.11223057,
      0.19897403,
      0.3043819
    ],
    [
      0.098499596,
      0.21284275,
      0.30986923
    ],
    [
      0.08526845,
      0.22691827,
      0.31549922
    ],
    [
      0.07257092,
      0.24118264,
      0.32126498
    ],
    [
      0.060439512,
      0.25561833,
      0.3271595
    ],
    [
      0.048905462,
      0.27020732,
      0.33317542
    ],
    [
      0.0379982,
      0.2849317,
      0.33930558
    ],
    [
      0.027745783,
      0.29977247,
      0.3455423
    ],
    [
      0.01817426,
      0.31471202,
      0.35187814
    ],
    [
      0.009308368,
      0.32973132,
      0.35830525
    ],
    [
      0.0011707246,
      0.34481126,
      0.36481574
    ],
    [
      0.0,
      0.35993388,
      0.37140167
    ],
    [
      0.0,
      0.37507978,
      0.3780549
    ],
    [
      0.0,
      0.39023024,
      0.38476744
    ],
    [
      0.0,
      0.40536642,
      0.39153093
    ],
    [
      0.0,
      0.4204697,
      0.39833722
    ],
    [
      0.0,
      0.43552086,
      0.40517795
    ],
    [
      0.0,
      0.45050135,
      0.4120446
    ],
    [
      0.0,
      0.46539253,
      0.41892913
    ],
    [
      0.0,
      0.4801761,
      0.42582265
    ],
    [
      0.0,
      0.49483314,
      0.43271706
    ],
    [
      0.0,
      0.5093457,
      0.43960372
    ],
    [
      0.0,
      0.5236957,
      0.44647428
    ],
    [
      0.0,
      0.53786546,
      0.45332056
    ],
    [
      0.0,
      0.5518369,
      0.4601338
    ],
    [
      0.0,
      0.5655927,
      0.4669059
    ],
    [
      0.0,
      0.5791163,
      0.4736285
    ],
    [
      0.0,
      0.5923904,
      0.4802933
    ],
    [
      0.0,
      0.6053982,
      0.4868923
    ],
    [
      0.0004618764,
      0.6181242,
      0.4934173
    ],
    [
      0.00853163,
      0.6305522,
      0.49986044
    ],
    [
      0.01733172,
      0.64266634,
      0.5062137
    ],
    [
      0.026839554,
      0.6544522,
      0.5124695
    ],
    [
      0.037030607,
      0.66589475,
      0.51861995
    ],
    [
      0.047879025,
      0.6769798,
      0.52465755
    ],
    [
      0.059356824,
      0.6876935,
      0.5305751
    ],
    [
      0.07143463,
      0.6980227,
      0.53636515
    ],
    [
      0.084081635,
      0.7079544,
      0.5420208
    ],
    [
      0.09726524,
      0.7174762,
      0.54753506
    ],
    [
      0.1109519,
      0.7265764,
      0.55290115
    ],
    [
      0.12510647,
      0.73524344,
      0.55811244
    ],
    [
      0.1396925,
      0.7434666,
      0.5631627
    ],
    [
      0.1546729,
      0.7512358,
      0.5680456
    ],
    [
      0.17000905,
      0.75854117,
      0.5727553
    ],
    [
      0.18566194,
      0.7653738,
      0.577286
    ],
    [
      0.20159115,
      0.77172506,
      0.58163214
    ],
    [
      0.21775605,
      0.77758706,
      0.5857883
    ],
    [
      0.23411538,
      0.78295255,
      0.58974963
    ],
    [
      0.25062707,
      0.78781474,
      0.59351104
    ],
    [
      0.26724866,
      0.79216766,
      0.59706813
    ],
    [
      0.2839379,
      0.79600596,
      0.60041636
    ],
    [
      0.30065173,
      0.79932475,
